start_station_name,start_lat,start_lng,end_station_name,end_lat,end_lng,trip_count
Central Park S & 6 Ave,40.76590936,-73.97634151,Central Park S & 6 Ave,40.76590936,-73.97634151,10658
Roosevelt Island Tramway,40.757284,-73.9536,Roosevelt Island Tramway,40.757284,-73.9536,7862
7 Ave & Central Park South,40.7667405590595,-73.9790689945221,7 Ave & Central Park South,40.7667405590595,-73.9790689945221,7378
Soissons Landing,40.69231660719192,-74.01486575603485,Soissons Landing,40.69231660719192,-74.01486575603485,6731
W 21 St & 6 Ave,40.74173969,-73.99415556,9 Ave & W 22 St,40.7454973,-74.00197139,5987
Grand Army Plaza & Central Park S,40.7643971,-73.97371465,Grand Army Plaza & Central Park S,40.7643971,-73.97371465,5858
1 Ave & E 62 St,40.7612274,-73.96094022,1 Ave & E 68 St,40.76500525,-73.95818491,5479
5 Ave & E 72 St,40.77282817,-73.96685276,5 Ave & E 72 St,40.77282817,-73.96685276,5318
12 Ave & W 40 St,40.76087502,-74.00277668,12 Ave & W 40 St,40.76087502,-74.00277668,4979
Yankee Ferry Terminal,40.68706579875912,-74.01675585121666,Yankee Ferry Terminal,40.68706579875912,-74.01675585121666,4846
Broadway & W 58 St,40.76695317,-73.98169333,Broadway & W 58 St,40.76695317,-73.98169333,4782
Central Park West & W 72 St,40.77579376683666,-73.9762057363987,Central Park West & W 72 St,40.77579376683666,-73.9762057363987,4741
Norfolk St & Broome St,40.7172274,-73.98802084,Henry St & Grand St,40.714211,-73.981095,4489
West St & Chambers St,40.71754834,-74.01322069,West St & Chambers St,40.71754834,-74.01322069,4413
West St & Chambers St,40.71754834,-74.01322069,Pier 40 - Hudson River Park,40.7277140777778,-74.01129573583603,4411
North Moore St & Greenwich St,40.72019521437465,-74.0103006362915,Vesey St & Church St,40.71221958009051,-74.01047229766846,4405
W 21 St & 6 Ave,40.74173969,-73.99415556,W 22 St & 10 Ave,40.74691959,-74.00451887,4052
Central Park North & Adam Clayton Powell Blvd,40.799484,-73.955613,Central Park North & Adam Clayton Powell Blvd,40.799484,-73.955613,4049
Yankee Ferry Terminal,40.68706579875912,-74.01675585121666,Soissons Landing,40.69231660719192,-74.01486575603485,4006
Pier 40 - Hudson River Park,40.7277140777778,-74.01129573583603,West St & Chambers St,40.71754834,-74.01322069,4004
Soissons Landing,40.69231660719192,-74.01486575603485,Yankee Ferry Terminal,40.68706579875912,-74.01675585121666,4004
Henry St & Grand St,40.714211,-73.981095,Norfolk St & Broome St,40.7172274,-73.98802084,3978
West Drive & Prospect Park West,40.6610633719006,-73.97945255041122,West Drive & Prospect Park West,40.6610633719006,-73.97945255041122,3947
W 22 St & 10 Ave,40.74691959,-74.00451887,W 22 St & 8 Ave,40.74475148,-73.99915362,3911
5 Ave & E 87 St,40.78232260730881,-73.95987510681152,5 Ave & E 87 St,40.78232260730881,-73.95987510681152,3903
Central Park West & W 68 St,40.7734066,-73.97782542,Central Park West & W 68 St,40.7734066,-73.97782542,3808
Roosevelt Island Tramway,40.757284,-73.9536,Motorgate,40.7639089,-73.9477213,3794
Motorgate,40.7639089,-73.9477213,Roosevelt Island Tramway,40.757284,-73.9536,3731
N 6 St & Bedford Ave,40.71745169,-73.95850939,S 4 St & Wythe Ave,40.71285887,-73.96590294,3689
1 Ave & E 68 St,40.76500525,-73.95818491,1 Ave & E 78 St,40.77140426,-73.9535166,3621
E 72 St & York Ave,40.76663814,-73.95348296,2 Ave & E 72 St,40.7687620293096,-73.95840793848038,3544
12 Ave & W 40 St,40.76087502,-74.00277668,West St & Chambers St,40.71754834,-74.01322069,3532
Centre St & Chambers St,40.71273266,-74.0046073,Centre St & Chambers St,40.71273266,-74.0046073,3498
Little West St & 1 Pl,40.70569254,-74.01677685,West St & Liberty St,40.711444,-74.014847,3496
1 Ave & E 78 St,40.77140426,-73.9535166,E 77 St & 3 Ave,40.77314236,-73.95856158,3473
1 Ave & E 78 St,40.77140426,-73.9535166,2 Ave & E 72 St,40.7687620293096,-73.95840793848038,3469
Vesey St & Church St,40.71221958009051,-74.01047229766846,North Moore St & Greenwich St,40.72019521437465,-74.0103006362915,3461
E 2 St & Avenue C,40.7208736,-73.98085795,E 1 St & 1 Ave,40.72335597960796,-73.98864984512329,3420
Amsterdam Ave & W 73 St,40.77966809007312,-73.98093044757842,Amsterdam Ave & W 79 St,40.7829391,-73.9786517,3409
West St & Chambers St,40.71754834,-74.01322069,10 Ave & W 14 St,40.74198159994023,-74.00831580162048,3384
Central Park S & 6 Ave,40.76590936,-73.97634151,5 Ave & E 87 St,40.78232260730881,-73.95987510681152,3367
McGuinness Blvd & Eagle St,40.73555,-73.95284,Vernon Blvd & 50 Ave,40.74232744,-73.95411749,3346
Broadway & W 41 St,40.75513557,-73.98658032,Broadway & W 41 St,40.75513557,-73.98658032,3240
10 Ave & W 14 St,40.74198159994023,-74.00831580162048,West St & Chambers St,40.71754834,-74.01322069,3235
Clinton St & Grand St,40.71559509,-73.9870295,Henry St & Grand St,40.714211,-73.981095,3212
W 22 St & 10 Ave,40.74691959,-74.00451887,W 21 St & 6 Ave,40.74173969,-73.99415556,3166
12 Ave & W 40 St,40.76087502,-74.00277668,10 Ave & W 14 St,40.74198159994023,-74.00831580162048,3165
11 Ave & W 41 St,40.76030096,-73.99884222,W 34 St & 11 Ave,40.75594159,-74.0021163,3150
Central Park S & 6 Ave,40.76590936,-73.97634151,7 Ave & Central Park South,40.7667405590595,-73.9790689945221,3135
Milton St & Franklin St,40.72906,-73.95779,Kent Ave & N 7 St,40.72036775298455,-73.96165072917938,3115
S 4 St & Wythe Ave,40.71285887,-73.96590294,N 6 St & Bedford Ave,40.71745169,-73.95850939,3104
West St & Liberty St,40.711444,-74.014847,West St & Chambers St,40.71754834,-74.01322069,3078
10 Ave & W 28 St,40.75066386,-74.00176802,W 26 St & 8 Ave,40.74734825,-73.99723551,3070
1 Ave & E 62 St,40.7612274,-73.96094022,1 Ave & E 78 St,40.77140426,-73.9535166,3064
Flatbush Ave & Ocean Ave,40.663657,-73.963014,Flatbush Ave & Ocean Ave,40.663657,-73.963014,3054
46 Ave & 5 St,40.74731,-73.95451,Vernon Blvd & 50 Ave,40.74232744,-73.95411749,3054
Southpoint Park,40.75370225419114,-73.95865201950072,Roosevelt Island Tramway,40.757284,-73.9536,3028
Roosevelt Island Tramway,40.757284,-73.9536,Southpoint Park,40.75370225419114,-73.95865201950072,3021
West St & Liberty St,40.711444,-74.014847,West St & Liberty St,40.711444,-74.014847,3011
Brooklyn Bridge Park - Pier 2,40.698458,-73.997178,Brooklyn Bridge Park - Pier 2,40.698458,-73.997178,2978
W 42 St & 8 Ave,40.7575699,-73.99098507,11 Ave & W 41 St,40.76030096,-73.99884222,2971
West St & Chambers St,40.71754834,-74.01322069,12 Ave & W 40 St,40.76087502,-74.00277668,2963
Vernon Blvd & 50 Ave,40.74232744,-73.95411749,McGuinness Blvd & Eagle St,40.73555,-73.95284,2845
5 Ave & E 78 St,40.77632142182271,-73.96427392959595,5 Ave & E 78 St,40.77632142182271,-73.96427392959595,2838
Centre St & Worth St,40.71494807,-74.00234482,Centre St & Chambers St,40.71273266,-74.0046073,2832
Canal St & Rutgers St,40.71427487,-73.98990025,Henry St & Grand St,40.714211,-73.981095,2829
Central Park S & 6 Ave,40.76590936,-73.97634151,Central Park North & Adam Clayton Powell Blvd,40.799484,-73.955613,2821
W 21 St & 6 Ave,40.74173969,-73.99415556,W 15 St & 7 Ave,40.73935542,-73.99931783,2819
9 Ave & W 22 St,40.7454973,-74.00197139,W 21 St & 6 Ave,40.74173969,-73.99415556,2818
Soissons Landing,40.69231660719192,-74.01486575603485,Picnic Point,40.68512559515415,-74.02535319328308,2786
Center Blvd & 51 Ave,40.74336608027021,-73.95960688591003,Vernon Blvd & 50 Ave,40.74232744,-73.95411749,2782
45 Ave & 21 St,40.74737075646803,-73.94777297973631,46 Ave & 5 St,40.74731,-73.95451,2763
West St & Liberty St,40.711444,-74.014847,Little West St & 1 Pl,40.70569254,-74.01677685,2761
Vernon Blvd & 50 Ave,40.74232744,-73.95411749,46 Ave & 5 St,40.74731,-73.95451,2721
Henry St & Grand St,40.714211,-73.981095,Canal St & Rutgers St,40.71427487,-73.98990025,2708
46 Ave & 5 St,40.74731,-73.95451,45 Ave & 21 St,40.74737075646803,-73.94777297973631,2705
W 20 St & 10 Ave,40.745686,-74.005141,W 20 St & 8 Ave,40.74345335,-74.00004031,2691
5 Ave & E 93 St,40.7857851,-73.957481,5 Ave & E 93 St,40.7857851,-73.957481,2687
W 84 St & Columbus Ave,40.78499979,-73.97283406,Columbus Ave & W 72 St,40.7770575,-73.97898475,2685
W 26 St & 8 Ave,40.74734825,-73.99723551,10 Ave & W 28 St,40.75066386,-74.00176802,2682
11 Ave & W 41 St,40.76030096,-73.99884222,8 Ave & W 33 St,40.751551,-73.993934,2673
S 5 Pl & S 5 St,40.710451,-73.960876,S 5 Pl & S 5 St,40.710451,-73.960876,2664
6 Ave & W 33 St,40.74901271,-73.98848395,E 33 St & 1 Ave,40.74322681432173,-73.97449783980846,2656
Kent Ave & N 7 St,40.72036775298455,-73.96165072917938,Milton St & Franklin St,40.72906,-73.95779,2637
W 20 St & 10 Ave,40.745686,-74.005141,W 21 St & 6 Ave,40.74173969,-73.99415556,2618
Central Park S & 6 Ave,40.76590936,-73.97634151,5 Ave & E 72 St,40.77282817,-73.96685276,2615
River Ter & Warren St,40.71759894980997,-74.01587963104248,Vesey Pl & River Terrace,40.7153379,-74.01658354,2607
Franklin St & Dupont St,40.73564,-73.95866,Vernon Blvd & 50 Ave,40.74232744,-73.95411749,2598
2 Ave & E 72 St,40.7687620293096,-73.95840793848038,E 72 St & York Ave,40.76663814,-73.95348296,2590
North Moore St & Greenwich St,40.72019521437465,-74.0103006362915,Vesey Pl & River Terrace,40.7153379,-74.01658354,2572
W 21 St & 6 Ave,40.74173969,-73.99415556,W 22 St & 8 Ave,40.74475148,-73.99915362,2569
11 Ave & W 41 St,40.76030096,-73.99884222,W 42 St & 8 Ave,40.7575699,-73.99098507,2554
W 22 St & 8 Ave,40.74475148,-73.99915362,W 22 St & 10 Ave,40.74691959,-74.00451887,2549
Vernon Blvd & 50 Ave,40.74232744,-73.95411749,Franklin St & Dupont St,40.73564,-73.95866,2539
Picnic Point,40.68512559515415,-74.02535319328308,Soissons Landing,40.69231660719192,-74.01486575603485,2519
S 3 St & Bedford Ave,40.71260486,-73.96264403,N 6 St & Bedford Ave,40.71745169,-73.95850939,2516
Greenwich St & W Houston St,40.728846,-74.008591,Pier 40 - Hudson River Park,40.7277140777778,-74.01129573583603,2515
Southpoint Park,40.75370225419114,-73.95865201950072,Southpoint Park,40.75370225419114,-73.95865201950072,2505
W 70 St & Amsterdam Ave,40.77748046,-73.98288594,Riverside Blvd & W 67 St,40.777507027547976,-73.98888587951659,2492
11 Ave & W 27 St,40.751396,-74.005226,W 26 St & 8 Ave,40.74734825,-73.99723551,2485
E 33 St & 1 Ave,40.74322681432173,-73.97449783980846,6 Ave & W 33 St,40.74901271,-73.98848395,2483
Riverside Blvd & W 67 St,40.777507027547976,-73.98888587951659,Riverside Blvd & W 67 St,40.777507027547976,-73.98888587951659,2476
10 Ave & W 14 St,40.74198159994023,-74.00831580162048,10 Ave & W 14 St,40.74198159994023,-74.00831580162048,2460
Central Park West & W 85 St,40.78476,-73.969862,Central Park West & W 85 St,40.78476,-73.969862,2457
9 Ave & W 18 St,40.74317449,-74.00366443,W 17 St & 8 Ave,40.74177603,-74.00149746,2451
12 Ave & W 40 St,40.76087502,-74.00277668,Pier 40 - Hudson River Park,40.7277140777778,-74.01129573583603,2437
Amsterdam Ave & W 73 St,40.77966809007312,-73.98093044757842,Amsterdam Ave & W 82 St,40.78524672,-73.97667321,2421
W 26 St & 10 Ave,40.749717753,-74.002950346,W 26 St & 8 Ave,40.74734825,-73.99723551,2419
Central Park S & 6 Ave,40.76590936,-73.97634151,Central Park West & W 72 St,40.77579376683666,-73.9762057363987,2414
Richardson St & N Henry St,40.71907891179564,-73.94223690032959,Graham Ave & Conselyea St,40.715143,-73.944507,2387
E 27 St & 1 Ave,40.739445,-73.976806,E 25 St & 2 Ave,40.73912601,-73.97973776,2378
1 Ave & E 68 St,40.76500525,-73.95818491,E 68 St & 3 Ave,40.76712840349542,-73.96224617958069,2374
E 102 St & 1 Ave,40.7869946,-73.94164802,2 Ave & E 96 St,40.7839636,-73.9471673,2370
Willoughby St & Fleet St,40.69196566,-73.9813018,Adelphi St & Myrtle Ave,40.69308257,-73.97178913,2368
11 Ave & W 59 St,40.77149671054441,-73.99046033620834,W 59 St & 10 Ave,40.770513,-73.988038,2361
E 77 St & 3 Ave,40.77314236,-73.95856158,1 Ave & E 78 St,40.77140426,-73.9535166,2361
E 68 St & 3 Ave,40.76712840349542,-73.96224617958069,1 Ave & E 68 St,40.76500525,-73.95818491,2355
Pier 40 - Hudson River Park,40.7277140777778,-74.01129573583603,West St & Liberty St,40.711444,-74.014847,2355
E 32 St & Park Ave,40.7457121,-73.98194829,E 33 St & 1 Ave,40.74322681432173,-73.97449783980846,2340
N 6 St & Bedford Ave,40.71745169,-73.95850939,Wythe Ave & Metropolitan Ave,40.716887,-73.963198,2328
Parade Pl & Crooke Ave,40.651847,-73.965248,Parade Pl & Crooke Ave,40.651847,-73.965248,2327
Kent Ave & N 7 St,40.72036775298455,-73.96165072917938,Franklin St & Dupont St,40.73564,-73.95866,2316
E 33 St & 1 Ave,40.74322681432173,-73.97449783980846,W 31 St & 7 Ave,40.749156,-73.9916,2300
Washington Square E,40.73049393,-73.9957214,University Pl & E 14 St,40.734814,-73.992085,2290
W 15 St & 6 Ave,40.738046142482766,-73.99642959237099,W 21 St & 6 Ave,40.74173969,-73.99415556,2282
West St & Chambers St,40.71754834,-74.01322069,West St & Liberty St,40.711444,-74.014847,2266
W 70 St & Amsterdam Ave,40.77748046,-73.98288594,W 64 St & Thelonious Monk Circle,40.77515953434235,-73.98918695747852,2264
10 Ave & W 14 St,40.74198159994023,-74.00831580162048,West St & Liberty St,40.711444,-74.014847,2236
W 16 St & The High Line,40.74334935,-74.00681753,8 Ave & W 16 St,40.740983,-74.001702,2233
Motorgate,40.7639089,-73.9477213,Motorgate,40.7639089,-73.9477213,2231
Central Park West & W 68 St,40.7734066,-73.97782542,Central Park West & W 72 St,40.77579376683666,-73.9762057363987,2210
E 33 St & 1 Ave,40.74322681432173,-73.97449783980846,2 Ave & E 31 St,40.74290902,-73.97706058,2203
Shore Blvd & Astoria Park,40.77977,-73.923162,Shore Blvd & Astoria Park,40.77977,-73.923162,2198
W 26 St & 8 Ave,40.74734825,-73.99723551,11 Ave & W 27 St,40.751396,-74.005226,2195
E 85 St & York Ave,40.77536905,-73.94803392,E 85 St & 3 Ave,40.77801203,-73.95407149,2194
E 7 St & Avenue A,40.72621788,-73.98379855,Cooper Square & Astor Pl,40.72951496224949,-73.99075269699097,2185
Clinton St & Grand St,40.71559509,-73.9870295,Clinton St & Cherry St,40.711471394469264,-73.98672603070736,2176
Vernon Blvd & 50 Ave,40.74232744,-73.95411749,Center Blvd & 51 Ave,40.74336608027021,-73.95960688591003,2175
Wards Meadow Comfort Station,40.78294,-73.93077,Wards Meadow Comfort Station,40.78294,-73.93077,2169
Grand Army Plaza & Central Park S,40.7643971,-73.97371465,Central Park S & 6 Ave,40.76590936,-73.97634151,2167
Central Park West & W 72 St,40.77579376683666,-73.9762057363987,5 Ave & E 72 St,40.77282817,-73.96685276,2158
Riverside Blvd & W 67 St,40.777507027547976,-73.98888587951659,W 70 St & Amsterdam Ave,40.77748046,-73.98288594,2157
W 20 St & 10 Ave,40.745686,-74.005141,W 20 St & 7 Ave,40.74238787,-73.99726235,2154
11 Ave & W 41 St,40.76030096,-73.99884222,W 44 St & 11 Ave,40.762009,-73.996975,2153
1 Ave & E 68 St,40.76500525,-73.95818491,1 Ave & E 62 St,40.7612274,-73.96094022,2151
Broadway & W 41 St,40.75513557,-73.98658032,6 Ave & W 34 St,40.74964,-73.98805,2151
5 Ave & E 63 St,40.766368,-73.971518,5 Ave & E 63 St,40.766368,-73.971518,2151
W 21 St & 6 Ave,40.74173969,-73.99415556,W 20 St & 10 Ave,40.745686,-74.005141,2146
1 Ave & E 30 St,40.74144387,-73.97536082,2 Ave & E 29 St,40.74172351097472,-73.97809267044067,2142
5 Ave & E 72 St,40.77282817,-73.96685276,Central Park West & W 72 St,40.77579376683666,-73.9762057363987,2138
1 Ave & E 16 St,40.73221853,-73.98165557,E 23 St & 1 Ave,40.736502,-73.97809472,2133
University Pl & E 8 St,40.73143724085228,-73.99490341544151,University Pl & E 14 St,40.734814,-73.992085,2132
Columbus Ave & W 72 St,40.7770575,-73.97898475,W 63 St & Broadway,40.77163851,-73.98261428,2130
W 42 St & 6 Ave,40.75492,-73.98455,11 Ave & W 41 St,40.76030096,-73.99884222,2126
Huron St & Franklin St,40.73266,-73.95826,Kent Ave & N 7 St,40.72036775298455,-73.96165072917938,2126
Cleveland Pl & Spring St,40.722103786686034,-73.99724900722504,Cleveland Pl & Spring St,40.722103786686034,-73.99724900722504,2123
3 St & Prospect Park West,40.668132,-73.97363831,3 St & Prospect Park West,40.668132,-73.97363831,2117
5 Ave & E 78 St,40.77632142182271,-73.96427392959595,5 Ave & E 72 St,40.77282817,-73.96685276,2111
1 Ave & E 78 St,40.77140426,-73.9535166,E 85 St & 3 Ave,40.77801203,-73.95407149,2109
Henry St & Grand St,40.714211,-73.981095,Clinton St & Grand St,40.71559509,-73.9870295,2109
Plaza St East & Flatbush Ave,40.673134,-73.969106,Plaza St East & Flatbush Ave,40.673134,-73.969106,2103
Grand Army Plaza & Central Park S,40.7643971,-73.97371465,5 Ave & E 87 St,40.78232260730881,-73.95987510681152,2078
W 29 St & 9 Ave,40.7500727,-73.99839279,9 Ave & W 22 St,40.7454973,-74.00197139,2076
9 Ave & W 22 St,40.7454973,-74.00197139,W 22 St & 8 Ave,40.74475148,-73.99915362,2074
2 Ave & E 72 St,40.7687620293096,-73.95840793848038,1 Ave & E 78 St,40.77140426,-73.9535166,2073
Driggs Ave & N Henry St,40.72325,-73.94308,Driggs Ave & N 9 St,40.71816969454208,-73.95520135760307,2063
Vesey Pl & River Terrace,40.7153379,-74.01658354,North Moore St & Greenwich St,40.72019521437465,-74.0103006362915,2054
7 Ave & Central Park South,40.7667405590595,-73.9790689945221,5 Ave & E 87 St,40.78232260730881,-73.95987510681152,2051
West St & Chambers St,40.71754834,-74.01322069,Christopher St & Greenwich St,40.73291553,-74.00711384,2049
Central Park West & W 76 St,40.77896784,-73.97374737,Central Park West & W 76 St,40.77896784,-73.97374737,2048
Graham Ave & Conselyea St,40.715143,-73.944507,Richardson St & N Henry St,40.71907891179564,-73.94223690032959,2048
3 Ave & E 62 St,40.76312584,-73.96526895,1 Ave & E 68 St,40.76500525,-73.95818491,2043
Kent Ave & N 7 St,40.72036775298455,-73.96165072917938,Huron St & Franklin St,40.73266,-73.95826,2043
Central Park W & W 91 St,40.78866499127884,-73.96680057048798,Central Park W & W 91 St,40.78866499127884,-73.96680057048798,2036
West Thames St,40.70834698,-74.01713445,West St & Liberty St,40.711444,-74.014847,2027
E 31 St & 3 Ave,40.74394314,-73.97966069,W 31 St & 7 Ave,40.749156,-73.9916,2026
E 33 St & 1 Ave,40.74322681432173,-73.97449783980846,6 Ave & W 34 St,40.74964,-73.98805,2025
E 27 St & 1 Ave,40.739445,-73.976806,2 Ave & E 29 St,40.74172351097472,-73.97809267044067,2025
Picnic Point,40.68512559515415,-74.02535319328308,Yankee Ferry Terminal,40.68706579875912,-74.01675585121666,2011
Old Slip & South St,40.70336686695866,-74.007867872715,South St & Gouverneur Ln,40.70355377,-74.00670227,2009
1 Ave & E 39 St,40.74714,-73.97113,1 Ave & E 44 St,40.75001986,-73.96905301,1998
1 Ave & E 68 St,40.76500525,-73.95818491,E 88 St & 1 Ave,40.778301,-73.9488134,1987
E 10 St & Avenue A,40.72740794,-73.98142006,Ave A & E 14 St,40.73031071000895,-73.98047178983688,1986
Amsterdam Ave & W 79 St,40.7829391,-73.9786517,Amsterdam Ave & W 73 St,40.77966809007312,-73.98093044757842,1975
West St & Chambers St,40.71754834,-74.01322069,W 22 St & 10 Ave,40.74691959,-74.00451887,1972
11 Ave & W 41 St,40.76030096,-73.99884222,11 Ave & W 41 St,40.76030096,-73.99884222,1967
E 7 St & Ave B,40.7251285241158,-73.98131668567657,Cooper Square & Astor Pl,40.72951496224949,-73.99075269699097,1963
9 Ave & W 22 St,40.7454973,-74.00197139,9 Ave & W 18 St,40.74317449,-74.00366443,1958
E 40 St & Park Ave,40.750756,-73.978326,E 27 St & Park Ave S,40.74275179648995,-73.9847157150507,1956
Central Park S & 6 Ave,40.76590936,-73.97634151,5 Ave & E 93 St,40.7857851,-73.957481,1950
W 70 St & Amsterdam Ave,40.77748046,-73.98288594,West End Ave & W 60 St,40.77237,-73.99005,1940
E 11 St & Avenue B,40.72746420692392,-73.97950418293476,Ave A & E 14 St,40.73031071000895,-73.98047178983688,1939
Broadway & W 29 St,40.7462009,-73.98855723,Broadway & W 25 St,40.74286877312112,-73.98918628692627,1936
12 Ave & W 125 St,40.818299,-73.960405,12 Ave & W 125 St,40.818299,-73.960405,1935
Little West St & 1 Pl,40.70569254,-74.01677685,West St & Chambers St,40.71754834,-74.01322069,1930
Yankee Ferry Terminal,40.68706579875912,-74.01675585121666,Picnic Point,40.68512559515415,-74.02535319328308,1928
E 27 St & 1 Ave,40.739445,-73.976806,W 31 St & 7 Ave,40.749156,-73.9916,1926
W 64 St & Thelonious Monk Circle,40.77515953434235,-73.98918695747852,W 70 St & Amsterdam Ave,40.77748046,-73.98288594,1924
W 54 St & 9 Ave,40.76584941,-73.98690506,9 Ave & W 45 St,40.76019252,-73.9912551,1923
Franklin St & Dupont St,40.73564,-73.95866,Kent Ave & N 7 St,40.72036775298455,-73.96165072917938,1920
Nassau Ave & Russell St,40.72557,-73.94434,Driggs Ave & N 9 St,40.71816969454208,-73.95520135760307,1918
11 Ave & W 41 St,40.76030096,-73.99884222,W 34 St &\tHudson Blvd E,40.75516719072139,-74.00059908628464,1911
University Pl & E 14 St,40.734814,-73.992085,University Pl & E 14 St,40.734814,-73.992085,1911
2 Ave & E 96 St,40.7839636,-73.9471673,E 102 St & 1 Ave,40.7869946,-73.94164802,1910
University Pl & E 14 St,40.734814,-73.992085,Broadway & E 14 St,40.73454567,-73.99074142,1907
Broadway & W 53 St,40.76344058,-73.98268129,W 53 St & 10 Ave,40.76669671,-73.99061728,1907
Vesey Pl & River Terrace,40.7153379,-74.01658354,Vesey Pl & River Terrace,40.7153379,-74.01658354,1905
India St & Manhattan Ave,40.73232194,-73.9550858,Franklin St & Dupont St,40.73564,-73.95866,1905
Kent Ave & N 7 St,40.72036775298455,-73.96165072917938,India St Pier,40.731734785883454,-73.9612390102593,1900
6 Ave & W 33 St,40.74901271,-73.98848395,6 Ave & W 45 St,40.756951,-73.982631,1895
E 40 St & Park Ave,40.750756,-73.978326,E 33 St & 1 Ave,40.74322681432173,-73.97449783980846,1895
Washington St & Gansevoort St,40.739323,-74.008119,Washington St & Gansevoort St,40.739323,-74.008119,1891
1 Ave & E 16 St,40.73221853,-73.98165557,1 Ave & E 18 St,40.73381219196632,-73.98054420948029,1887
Central Park North & Adam Clayton Powell Blvd,40.799484,-73.955613,7 Ave & Central Park South,40.7667405590595,-73.9790689945221,1882
W 21 St & 6 Ave,40.74173969,-73.99415556,6 Ave & W 33 St,40.74901271,-73.98848395,1881
1 Ave & E 18 St,40.73381219196632,-73.98054420948029,1 Ave & E 16 St,40.73221853,-73.98165557,1875
West Thames St,40.70834698,-74.01713445,West Thames St,40.70834698,-74.01713445,1871
31 St & Newtown Ave,40.7675487799971,-73.9209334552288,Newtown Ave & 23 St,40.7713615,-73.9246145,1870
Pier 40 - Hudson River Park,40.7277140777778,-74.01129573583603,Pier 40 - Hudson River Park,40.7277140777778,-74.01129573583603,1865
Broadway & Berry St,40.71044554,-73.96525063,N 6 St & Bedford Ave,40.71745169,-73.95850939,1863
Franklin St & Dupont St,40.73564,-73.95866,India St & Manhattan Ave,40.73232194,-73.9550858,1860
Kingsland Ave & Nassau Ave,40.72577,-73.94173,Leonard St & Nassau Ave,40.7239567849954,-73.94984364509583,1851
Broadway & E 14 St,40.73454567,-73.99074142,Washington Pl & Broadway,40.72903917,-73.99404649,1844
Little West St & 1 Pl,40.70569254,-74.01677685,Little West St & 1 Pl,40.70569254,-74.01677685,1843
Clinton St & Cherry St,40.711471394469264,-73.98672603070736,Clinton St & Grand St,40.71559509,-73.9870295,1841
West St & Chambers St,40.71754834,-74.01322069,Washington St & Gansevoort St,40.739323,-74.008119,1840
E 27 St & Park Ave S,40.74275179648995,-73.9847157150507,E 40 St & Park Ave,40.750756,-73.978326,1839
Kent Ave & N 7 St,40.72036775298455,-73.96165072917938,Kent Ave & N 7 St,40.72036775298455,-73.96165072917938,1831
Atlantic Ave & Furman St,40.69165183,-73.9999786,Atlantic Ave & Furman St,40.69165183,-73.9999786,1831
Driggs Ave & Lorimer St,40.72179134,-73.9504154,Driggs Ave & N 9 St,40.71816969454208,-73.95520135760307,1831
E 47 St & Park Ave,40.75510267,-73.97498696,W 41 St & 8 Ave,40.75640548,-73.9900262,1828
8 Ave & W 16 St,40.740983,-74.001702,8 Ave & W 31 St,40.7505853470215,-73.9946848154068,1823
Center Blvd & 51 Ave,40.74336608027021,-73.95960688591003,Center Blvd & 51 Ave,40.74336608027021,-73.95960688591003,1817
E 1 St & 1 Ave,40.72335597960796,-73.98864984512329,E 2 St & Avenue C,40.7208736,-73.98085795,1814
W 29 St & 9 Ave,40.7500727,-73.99839279,9 Ave & W 18 St,40.74317449,-74.00366443,1811
Ave A & E 14 St,40.73031071000895,-73.98047178983688,E 9 St & Avenue C,40.72521311,-73.97768752,1810
Adelphi St & Myrtle Ave,40.69308257,-73.97178913,Willoughby St & Fleet St,40.69196566,-73.9813018,1806
46 Ave & 5 St,40.74731,-73.95451,44 Dr & Jackson Ave,40.74718234,-73.9432635,1805
1 Ave & E 16 St,40.73221853,-73.98165557,E 27 St & 1 Ave,40.739445,-73.976806,1802
W 21 St & 6 Ave,40.74173969,-73.99415556,10 Ave & W 28 St,40.75066386,-74.00176802,1802
Centre St & Chambers St,40.71273266,-74.0046073,Cadman Plaza E & Tillary St,40.69597683,-73.99014892,1799
W 89 St & Columbus Ave,40.7882213,-73.97041561,Columbus Ave & W 72 St,40.7770575,-73.97898475,1798
Central Park West & W 72 St,40.77579376683666,-73.9762057363987,7 Ave & Central Park South,40.7667405590595,-73.9790689945221,1796
Central Park W & W 97 St,40.79249519495111,-73.96417066463071,Central Park W & W 97 St,40.79249519495111,-73.96417066463071,1793
E 2 St & Avenue B,40.72217444,-73.98368779,E 1 St & 1 Ave,40.72335597960796,-73.98864984512329,1787
West St & Liberty St,40.711444,-74.014847,10 Ave & W 14 St,40.74198159994023,-74.00831580162048,1787
E 33 St & 1 Ave,40.74322681432173,-73.97449783980846,E 32 St & Park Ave,40.7457121,-73.98194829,1781
Broadway & E 21 St,40.73988840858996,-73.98958593606949,University Pl & E 14 St,40.734814,-73.992085,1779
8 Ave & W 16 St,40.740983,-74.001702,W 20 St & 10 Ave,40.745686,-74.005141,1777
West St & Chambers St,40.71754834,-74.01322069,Little West St & 1 Pl,40.70569254,-74.01677685,1770
West St & Liberty St,40.711444,-74.014847,Pier 40 - Hudson River Park,40.7277140777778,-74.01129573583603,1768
Monroe St & Tompkins Ave,40.686203,-73.944694,Macon St & Nostrand Ave,40.6809833854,-73.9500479759,1763
E 33 St & 1 Ave,40.74322681432173,-73.97449783980846,E 40 St & Park Ave,40.750756,-73.978326,1763
Ave A & E 14 St,40.73031071000895,-73.98047178983688,E 2 St & Avenue A,40.72307749068673,-73.98583620786667,1758
West St & Liberty St,40.711444,-74.014847,Vesey Pl & River Terrace,40.7153379,-74.01658354,1750
Park Cir & East Dr,40.651566,-73.972212,Park Cir & East Dr,40.651566,-73.972212,1749
Leonard St & Nassau Ave,40.7239567849954,-73.94984364509583,Kingsland Ave & Nassau Ave,40.72577,-73.94173,1742
2 Ave & E 104 St,40.7892105,-73.94370784,2 Ave & E 96 St,40.7839636,-73.9471673,1733
Central Park S & 6 Ave,40.76590936,-73.97634151,5 Ave & E 78 St,40.77632142182271,-73.96427392959595,1730
West End Ave & W 60 St,40.77237,-73.99005,West End Ave & W 60 St,40.77237,-73.99005,1726
6 Ave & W 34 St,40.74964,-73.98805,Broadway & W 41 St,40.75513557,-73.98658032,1726
W 30 St & 10 Ave,40.752694,-74.002353,W 30 St & 10 Ave,40.752694,-74.002353,1724
W 22 St & 10 Ave,40.74691959,-74.00451887,Broadway & E 21 St,40.73988840858996,-73.98958593606949,1721
Grand Army Plaza & Central Park S,40.7643971,-73.97371465,5 Ave & E 72 St,40.77282817,-73.96685276,1718
W 21 St & 6 Ave,40.74173969,-73.99415556,W 20 St & 8 Ave,40.74345335,-74.00004031,1717
W 54 St & 11 Ave,40.768333,-73.992573,W 54 St & 11 Ave,40.768333,-73.992573,1714
India St Pier,40.731734785883454,-73.9612390102593,Kent Ave & N 7 St,40.72036775298455,-73.96165072917938,1713
W 22 St & 10 Ave,40.74691959,-74.00451887,W 22 St & 10 Ave,40.74691959,-74.00451887,1713
W 22 St & 10 Ave,40.74691959,-74.00451887,9 Ave & W 22 St,40.7454973,-74.00197139,1710
E 2 St & Avenue C,40.7208736,-73.98085795,E 2 St & Avenue B,40.72217444,-73.98368779,1708
7 Ave & Central Park South,40.7667405590595,-73.9790689945221,Central Park West & W 72 St,40.77579376683666,-73.9762057363987,1708
W 34 St &\tHudson Blvd E,40.75516719072139,-74.00059908628464,11 Ave & W 41 St,40.76030096,-73.99884222,1707
Newtown Ave & 23 St,40.7713615,-73.9246145,31 St & Newtown Ave,40.7675487799971,-73.9209334552288,1704
Broadway & W 56 St,40.7652654,-73.98192338,W 54 St & 11 Ave,40.768333,-73.992573,1703
Washington St & Gansevoort St,40.739323,-74.008119,West St & Chambers St,40.71754834,-74.01322069,1703
E 33 St & 1 Ave,40.74322681432173,-73.97449783980846,1 Ave & E 39 St,40.74714,-73.97113,1703
Vesey Pl & River Terrace,40.7153379,-74.01658354,West St & Chambers St,40.71754834,-74.01322069,1696
Wythe Ave & Metropolitan Ave,40.716887,-73.963198,N 6 St & Bedford Ave,40.71745169,-73.95850939,1694
Ave A & E 14 St,40.73031071000895,-73.98047178983688,E 7 St & Avenue A,40.72621788,-73.98379855,1690
Broadway & W 58 St,40.76695317,-73.98169333,Grand Army Plaza & Central Park S,40.7643971,-73.97371465,1689
9 Ave & W 45 St,40.76019252,-73.9912551,W 36 St & 9 Ave,40.75462324029105,-73.99516761302948,1687
Wythe Ave & Metropolitan Ave,40.716887,-73.963198,S 4 St & Wythe Ave,40.71285887,-73.96590294,1685
Christopher St & Greenwich St,40.73291553,-74.00711384,West St & Chambers St,40.71754834,-74.01322069,1683
Columbus Ave & W 72 St,40.7770575,-73.97898475,Columbus Ave & W 72 St,40.7770575,-73.97898475,1675
2 Ave & E 31 St,40.74290902,-73.97706058,2 Ave & E 29 St,40.74172351097472,-73.97809267044067,1674
6 Ave & W 33 St,40.74901271,-73.98848395,W 42 St & 6 Ave,40.75492,-73.98455,1671
E 10 St & Avenue A,40.72740794,-73.98142006,E 10 St & Avenue A,40.72740794,-73.98142006,1671
FDR Drive & E 35 St,40.744219,-73.97121214,FDR Drive & E 35 St,40.744219,-73.97121214,1669
Lenox Ave & W 111 St,40.7987859,-73.9523,Lenox Ave & W 111 St,40.7987859,-73.9523,1668
St Nicholas Ave & Manhattan Ave,40.809725,-73.953149,Frederick Douglass Blvd & W 117 St,40.805159,-73.954692,1664
Forsyth St\t& Grand St,40.71779817737835,-73.99316132068634,Clinton St & Grand St,40.71559509,-73.9870295,1663
E 23 St & 1 Ave,40.736502,-73.97809472,1 Ave & E 16 St,40.73221853,-73.98165557,1660
Central Park S & 6 Ave,40.76590936,-73.97634151,Central Park West & W 68 St,40.7734066,-73.97782542,1656
W 70 St & Amsterdam Ave,40.77748046,-73.98288594,W 70 St & Amsterdam Ave,40.77748046,-73.98288594,1652
5 Ave & E 103 St,40.7922553,-73.95249933,5 Ave & E 103 St,40.7922553,-73.95249933,1646
Pier 40 - Hudson River Park,40.7277140777778,-74.01129573583603,12 Ave & W 40 St,40.76087502,-74.00277668,1642
1 Ave & E 16 St,40.73221853,-73.98165557,E 33 St & 1 Ave,40.74322681432173,-73.97449783980846,1640
University Pl & E 14 St,40.734814,-73.992085,University Pl & E 8 St,40.73143724085228,-73.99490341544151,1639
3 St & Prospect Park West,40.668132,-73.97363831,Plaza St West & Flatbush Ave,40.6750207,-73.97111473,1637
3 St & 7 Ave,40.6703837,-73.97839676,7 Ave & Park Pl,40.6776147,-73.97324283,1635
Jackson Ave & 46 Rd,40.74524768,-73.94733276,46 Ave & 5 St,40.74731,-73.95451,1634
Frederick Douglass Blvd & W 117 St,40.805159,-73.954692,Frederick Douglass Blvd & W 112 St,40.801694,-73.957145,1630
Albany St & Greenwich St,40.709267,-74.013247,Albany St & Greenwich St,40.709267,-74.013247,1630
1 Ave & E 78 St,40.77140426,-73.9535166,1 Ave & E 78 St,40.77140426,-73.9535166,1629
Adams St & Prospect St,40.70076308326151,-73.98869812488556,Cadman Plaza E & Red Cross Pl,40.69991755,-73.98971773,1629
1 Ave & E 68 St,40.76500525,-73.95818491,E 84 St & 1 Ave,40.77565541,-73.95068615,1627
10 Ave & W 14 St,40.74198159994023,-74.00831580162048,12 Ave & W 40 St,40.76087502,-74.00277668,1626
E 58 St & 1 Ave (NW Corner),40.759125,-73.962658,1 Ave & E 68 St,40.76500525,-73.95818491,1622
6 Ave & W 34 St,40.74964,-73.98805,6 Ave & W 45 St,40.756951,-73.982631,1622
Little West St & 1 Pl,40.70569254,-74.01677685,Vesey Pl & River Terrace,40.7153379,-74.01658354,1621
Norfolk St & Broome St,40.7172274,-73.98802084,Norfolk St & Broome St,40.7172274,-73.98802084,1616
7 Ave & Central Park South,40.7667405590595,-73.9790689945221,5 Ave & E 72 St,40.77282817,-73.96685276,1616
Ave A & E 14 St,40.73031071000895,-73.98047178983688,E 11 St & Avenue B,40.72746420692392,-73.97950418293476,1613
Lexington Ave & E 111 St,40.7954121,-73.9441232,Lenox Ave & W 111 St,40.7987859,-73.9523,1610
Riverside Dr & W 82 St,40.78720869,-73.98128127,Riverside Dr & W 82 St,40.78720869,-73.98128127,1604
West St & Chambers St,40.71754834,-74.01322069,Spring St & Hudson St,40.72583996792375,-74.0076532959938,1601
West St & Chambers St,40.71754834,-74.01322069,W 16 St & The High Line,40.74334935,-74.00681753,1600
Grand St & Elizabeth St,40.718822,-73.99596,Clinton St & Grand St,40.71559509,-73.9870295,1600
46 Ave & 5 St,40.74731,-73.95451,Jackson Ave & 46 Rd,40.74524768,-73.94733276,1600
Spruce St & Nassau St,40.71146364,-74.00552427,Centre St & Chambers St,40.71273266,-74.0046073,1597
Broadway\t& W 48 St,40.76017739537783,-73.98486793041229,Broadway\t& W 48 St,40.76017739537783,-73.98486793041229,1595
Metropolitan Ave & Bedford Ave,40.71534825,-73.96024116,Hope St & Union Ave,40.71167351,-73.95141312,1593
Christopher St & Greenwich St,40.73291553,-74.00711384,Washington St & Gansevoort St,40.739323,-74.008119,1593
7 Ave & Central Park South,40.7667405590595,-73.9790689945221,Central Park North & Adam Clayton Powell Blvd,40.799484,-73.955613,1592
E 74 St & 1 Ave,40.7689738,-73.95482273,2 Ave & E 72 St,40.7687620293096,-73.95840793848038,1589
W 44 St & 11 Ave,40.762009,-73.996975,W 44 St & 5 Ave,40.75500254,-73.98014437,1588
5 Ave & E 72 St,40.77282817,-73.96685276,7 Ave & Central Park South,40.7667405590595,-73.9790689945221,1584
E 39 St & 2 Ave,40.74803319428767,-73.973827958107,2 Ave & E 31 St,40.74290902,-73.97706058,1580
N 6 St & Bedford Ave,40.71745169,-73.95850939,Broadway & Berry St,40.71044554,-73.96525063,1579
Suffolk St & Stanton St,40.72066442,-73.98517977,Suffolk St & Stanton St,40.72066442,-73.98517977,1577
1 Ave & E 68 St,40.76500525,-73.95818491,E 63 St & 3 Ave,40.763954,-73.9646,1576
W 59 St & 10 Ave,40.770513,-73.988038,W 70 St & Amsterdam Ave,40.77748046,-73.98288594,1575
1 Ave & E 78 St,40.77140426,-73.9535166,E 84 St & 1 Ave,40.77565541,-73.95068615,1575
1 Ave & E 68 St,40.76500525,-73.95818491,1 Ave & E 68 St,40.76500525,-73.95818491,1574
Kane St & Clinton St,40.6861758,-73.99645295,Clinton St & Joralemon St,40.69239502,-73.99337909,1572
E 85 St & 3 Ave,40.77801203,-73.95407149,E 81 St & York Ave,40.7728384,-73.94989233,1572
1 Ave & E 16 St,40.73221853,-73.98165557,1 Ave & E 30 St,40.74144387,-73.97536082,1570
University Pl & E 14 St,40.734814,-73.992085,W 13 St & 5 Ave,40.735445,-73.99431,1570
Riverside Dr & W 72 St,40.78057799010334,-73.98562431335449,Riverside Dr & W 72 St,40.78057799010334,-73.98562431335449,1570
Norfolk St & Broome St,40.7172274,-73.98802084,Grand St & Samuel Dickstein Plaza,40.71511871996496,-73.98417055606842,1565
44 Dr & Jackson Ave,40.74718234,-73.9432635,46 Ave & 5 St,40.74731,-73.95451,1565
Milton St & Franklin St,40.72906,-73.95779,Wythe Ave & Metropolitan Ave,40.716887,-73.963198,1564
Canal St & Rutgers St,40.71427487,-73.98990025,Canal St & Rutgers St,40.71427487,-73.98990025,1564
W 21 St & 6 Ave,40.74173969,-73.99415556,W 26 St & 8 Ave,40.74734825,-73.99723551,1564
Forsyth St\t& Grand St,40.71779817737835,-73.99316132068634,Henry St & Grand St,40.714211,-73.981095,1562
Broadway & W 25 St,40.74286877312112,-73.98918628692627,Broadway & W 25 St,40.74286877312112,-73.98918628692627,1559
12 Ave & W 40 St,40.76087502,-74.00277668,West St & Liberty St,40.711444,-74.014847,1558
E 81 St & York Ave,40.7728384,-73.94989233,E 85 St & 3 Ave,40.77801203,-73.95407149,1557
Grand Army Plaza & Central Park S,40.7643971,-73.97371465,Central Park West & W 72 St,40.77579376683666,-73.9762057363987,1555
E 9 St & Avenue C,40.72521311,-73.97768752,Ave A & E 14 St,40.73031071000895,-73.98047178983688,1555
E 7 St & Avenue A,40.72621788,-73.98379855,Ave A & E 14 St,40.73031071000895,-73.98047178983688,1552
Amsterdam Ave & W 82 St,40.78524672,-73.97667321,Amsterdam Ave & W 73 St,40.77966809007312,-73.98093044757842,1549
E 5 St & Ave A,40.72479007746337,-73.98430064320564,Ave A & E 14 St,40.73031071000895,-73.98047178983688,1547
Clinton St & Grand St,40.71559509,-73.9870295,Canal St & Rutgers St,40.71427487,-73.98990025,1546
Broadway & E 21 St,40.73988840858996,-73.98958593606949,W 21 St & 6 Ave,40.74173969,-73.99415556,1545
6 Ave & W 34 St,40.74964,-73.98805,6 Ave & W 34 St,40.74964,-73.98805,1543
E 85 St & 3 Ave,40.77801203,-73.95407149,1 Ave & E 78 St,40.77140426,-73.9535166,1542
W 67 St & Broadway,40.77492513,-73.98266566,W 64 St & Thelonious Monk Circle,40.77515953434235,-73.98918695747852,1541
E 91 St & 2 Ave,40.78115276427916,-73.94963040947914,E 91 St & 2 Ave,40.78115276427916,-73.94963040947914,1540
Broadway & W 61 St,40.77003010255044,-73.9819684624672,Broadway & W 61 St,40.77003010255044,-73.9819684624672,1534
Clinton Ave & Myrtle Ave,40.693261,-73.968896,Willoughby St & Fleet St,40.69196566,-73.9813018,1534
DeKalb Ave & Vanderbilt Ave,40.68940747,-73.96885458,DeKalb Ave & Hudson Ave,40.689888,-73.981013,1531
3 St & Prospect Park West,40.668132,-73.97363831,West Drive & Prospect Park West,40.6610633719006,-73.97945255041122,1530
W 15 St & 6 Ave,40.738046142482766,-73.99642959237099,W 15 St & 7 Ave,40.73935542,-73.99931783,1528
8 Ave & W 38 St,40.75461,-73.99177,8 Ave & W 38 St,40.75461,-73.99177,1527
W 21 St & 6 Ave,40.74173969,-73.99415556,W 21 St & 6 Ave,40.74173969,-73.99415556,1527
E 14 St & 1 Ave,40.73139303364151,-73.98286700248718,1 Ave & E 16 St,40.73221853,-73.98165557,1525
1 Ave & E 68 St,40.76500525,-73.95818491,E 55 St & 2 Ave,40.75797322,-73.96603308,1524
Broadway & Battery Pl,40.70463334,-74.01361706,Little West St & 1 Pl,40.70569254,-74.01677685,1522
1 Ave & E 18 St,40.73381219196632,-73.98054420948029,E 27 St & 1 Ave,40.739445,-73.976806,1521
8 Ave & W 16 St,40.740983,-74.001702,E 16 St & 5 Ave,40.73726186,-73.99238967,1519
W 43 St & 10 Ave,40.76009437,-73.99461843,W 43 St & 10 Ave,40.76009437,-73.99461843,1519
8 Ave & W 33 St,40.751551,-73.993934,W 35 St & 8 Ave,40.752762088742045,-73.99280458705107,1518
5 Ave & E 72 St,40.77282817,-73.96685276,5 Ave & E 87 St,40.78232260730881,-73.95987510681152,1518
West Drive & Prospect Park West,40.6610633719006,-73.97945255041122,Parade Pl & Crooke Ave,40.651847,-73.965248,1518
Ave A & E 14 St,40.73031071000895,-73.98047178983688,E 5 St & Ave A,40.72479007746337,-73.98430064320564,1517
E 20 St & FDR Dr,40.733208626522426,-73.9756813647,E 20 St & FDR Dr,40.733208626522426,-73.9756813647,1516
W 15 St & 6 Ave,40.738046142482766,-73.99642959237099,8 Ave & W 16 St,40.740983,-74.001702,1509
E 85 St & 3 Ave,40.77801203,-73.95407149,2 Ave & E 72 St,40.7687620293096,-73.95840793848038,1509
Grand Army Plaza & Central Park S,40.7643971,-73.97371465,7 Ave & Central Park South,40.7667405590595,-73.9790689945221,1508
Wythe Ave & Metropolitan Ave,40.716887,-73.963198,Wythe Ave & Metropolitan Ave,40.716887,-73.963198,1507
W 22 St & 8 Ave,40.74475148,-73.99915362,W 21 St & 6 Ave,40.74173969,-73.99415556,1505
E 63 St & 3 Ave,40.763954,-73.9646,1 Ave & E 68 St,40.76500525,-73.95818491,1504
W 37 St & 10 Ave,40.75660359,-73.9979009,8 Ave & W 33 St,40.751551,-73.993934,1503
8 Ave & W 52 St,40.76370739,-73.9851615,W 53 St & 10 Ave,40.76669671,-73.99061728,1503
Central Park S & 6 Ave,40.76590936,-73.97634151,Grand Army Plaza & Central Park S,40.7643971,-73.97371465,1500
Broadway & W 58 St,40.76695317,-73.98169333,Broadway & W 51 St,40.76228826,-73.98336183,1500
South St & Gouverneur Ln,40.70355377,-74.00670227,South St & Whitehall St,40.70122128,-74.01234218,1499
Ave A & E 14 St,40.73031071000895,-73.98047178983688,E 10 St & Avenue A,40.72740794,-73.98142006,1499
E 33 St & 1 Ave,40.74322681432173,-73.97449783980846,E 33 St & 1 Ave,40.74322681432173,-73.97449783980846,1497
Berry St & N 8 St,40.7190095,-73.95852515,Milton St & Franklin St,40.72906,-73.95779,1493
W 44 St & 11 Ave,40.762009,-73.996975,W 44 St & 11 Ave,40.762009,-73.996975,1491
S 4 St & Wythe Ave,40.71285887,-73.96590294,S 4 St & Wythe Ave,40.71285887,-73.96590294,1491
University Pl & E 14 St,40.734814,-73.992085,Washington Square E,40.73049393,-73.9957214,1491
Norfolk St & Broome St,40.7172274,-73.98802084,Clinton St & Grand St,40.71559509,-73.9870295,1490
Lafayette St & E 8 St,40.73020660529954,-73.99102628231049,4 Ave & E 12 St,40.732647,-73.99011,1489
West Thames St,40.70834698,-74.01713445,West St & Chambers St,40.71754834,-74.01322069,1489
Cooper Square & Astor Pl,40.72951496224949,-73.99075269699097,E 6 St & Avenue B,40.72453734,-73.98185424,1488
W 31 St & 7 Ave,40.749156,-73.9916,E 33 St & 1 Ave,40.74322681432173,-73.97449783980846,1488
W 26 St & 8 Ave,40.74734825,-73.99723551,8 Ave & W 38 St,40.75461,-73.99177,1487
Plaza St West & Flatbush Ave,40.6750207,-73.97111473,3 St & Prospect Park West,40.668132,-73.97363831,1485
W 15 St & 7 Ave,40.73935542,-73.99931783,W 21 St & 6 Ave,40.74173969,-73.99415556,1484
8 Ave & W 38 St,40.75461,-73.99177,8 Ave & W 52 St,40.76370739,-73.9851615,1484
W 31 St & 7 Ave,40.749156,-73.9916,1 Ave & E 30 St,40.74144387,-73.97536082,1481
W 100 St & Broadway,40.7973721,-73.97041192,W 100 St & Broadway,40.7973721,-73.97041192,1481
1 Ave & E 30 St,40.74144387,-73.97536082,W 31 St & 7 Ave,40.749156,-73.9916,1479
E 118 St & Madison Ave,40.8014866,-73.9442507,Lenox Ave & W 117 St,40.8025566,-73.9490782,1479
8 Ave & W 49 St,40.76171227910671,-73.98655101656914,W 50 St & 10 Ave,40.76473420006519,-73.99194359779358,1478
Central Park West & W 72 St,40.77579376683666,-73.9762057363987,Central Park West & W 68 St,40.7734066,-73.97782542,1477
E 84 St & 1 Ave,40.77565541,-73.95068615,E 85 St & York Ave,40.77536905,-73.94803392,1476
Henry St & Grand St,40.714211,-73.981095,Grand St & Samuel Dickstein Plaza,40.71511871996496,-73.98417055606842,1476
Ave A & E 14 St,40.73031071000895,-73.98047178983688,E 7 St & Ave C,40.72412944090093,-73.97901266813278,1475
W 42 St & 6 Ave,40.75492,-73.98455,W 43 St & 10 Ave,40.76009437,-73.99461843,1475
Broadway & W 29 St,40.7462009,-73.98855723,Broadway & W 29 St,40.7462009,-73.98855723,1468
Frederick Douglass Blvd & W 112 St,40.801694,-73.957145,Frederick Douglass Blvd & W 112 St,40.801694,-73.957145,1467
12 Ave & W 40 St,40.76087502,-74.00277668,Riverside Blvd & W 67 St,40.777507027547976,-73.98888587951659,1467
W 34 St & 11 Ave,40.75594159,-74.0021163,W 34 St & 11 Ave,40.75594159,-74.0021163,1467
Cleveland Pl & Spring St,40.722103786686034,-73.99724900722504,Lafayette St & E 8 St,40.73020660529954,-73.99102628231049,1466
Broadway & W 41 St,40.75513557,-73.98658032,11 Ave & W 41 St,40.76030096,-73.99884222,1466
W 106 St & Central Park West,40.7981856,-73.9605909006,W 106 St & Central Park West,40.7981856,-73.9605909006,1465
Amsterdam Ave & W 73 St,40.77966809007312,-73.98093044757842,Amsterdam Ave & W 73 St,40.77966809007312,-73.98093044757842,1463
8 Ave & W 38 St,40.75461,-73.99177,8 Ave & W 49 St,40.76171227910671,-73.98655101656914,1463
W 55 St & 6 Ave,40.763189,-73.978434,Broadway & W 56 St,40.7652654,-73.98192338,1461
8 Ave & W 16 St,40.740983,-74.001702,W 21 St & 6 Ave,40.74173969,-73.99415556,1461
Broadway & E 14 St,40.73454567,-73.99074142,Broadway & E 14 St,40.73454567,-73.99074142,1459
8 Ave & W 16 St,40.740983,-74.001702,W 22 St & 10 Ave,40.74691959,-74.00451887,1459
E 13 St & 2 Ave,40.73153937464073,-73.9853024482727,Broadway & E 14 St,40.73454567,-73.99074142,1453
9 Ave & W 22 St,40.7454973,-74.00197139,W 20 St & 7 Ave,40.74238787,-73.99726235,1450
W 34 St & 11 Ave,40.75594159,-74.0021163,11 Ave & W 41 St,40.76030096,-73.99884222,1448
E 20 St & Park Ave,40.73827428,-73.98751968,E 20 St & 2 Ave,40.73587678,-73.98205027,1447
Grand Army Plaza & Central Park S,40.7643971,-73.97371465,Broadway & W 58 St,40.76695317,-73.98169333,1445
1 Ave & E 68 St,40.76500525,-73.95818491,E 85 St & 3 Ave,40.77801203,-73.95407149,1443
5 Ave & E 87 St,40.78232260730881,-73.95987510681152,7 Ave & Central Park South,40.7667405590595,-73.9790689945221,1442
Riverside Blvd & W 67 St,40.777507027547976,-73.98888587951659,12 Ave & W 40 St,40.76087502,-74.00277668,1442
E 20 St & Park Ave,40.73827428,-73.98751968,E 20 St & FDR Dr,40.733208626522426,-73.9756813647,1441
West End Ave & W 60 St,40.77237,-73.99005,W 70 St & Amsterdam Ave,40.77748046,-73.98288594,1441
W 20 St & 8 Ave,40.74345335,-74.00004031,W 21 St & 6 Ave,40.74173969,-73.99415556,1441
Central Park West & W 68 St,40.7734066,-73.97782542,Central Park West & W 85 St,40.78476,-73.969862,1440
W 26 St & 8 Ave,40.74734825,-73.99723551,W 26 St & 8 Ave,40.74734825,-73.99723551,1440
Canal St & Rutgers St,40.71427487,-73.98990025,Clinton St & Grand St,40.71559509,-73.9870295,1439
Lafayette St & E 8 St,40.73020660529954,-73.99102628231049,Broadway & E 14 St,40.73454567,-73.99074142,1439
Allen St & Rivington St,40.72019576,-73.98997825,Allen St & Rivington St,40.72019576,-73.98997825,1438
7 Ave & Park Pl,40.6776147,-73.97324283,3 St & 7 Ave,40.6703837,-73.97839676,1435
Pier 40 - Hudson River Park,40.7277140777778,-74.01129573583603,10 Ave & W 14 St,40.74198159994023,-74.00831580162048,1435
9 Ave & W 45 St,40.76019252,-73.9912551,9 Ave & W 22 St,40.7454973,-74.00197139,1434
Grand Army Plaza & Central Park S,40.7643971,-73.97371465,Central Park North & Adam Clayton Powell Blvd,40.799484,-73.955613,1432
St Nicholas Ave & Manhattan Ave,40.809725,-73.953149,Frederick Douglass Blvd & W 115 St,40.8038654,-73.9559308,1431
1 Ave & E 62 St,40.7612274,-73.96094022,E 74 St & 1 Ave,40.7689738,-73.95482273,1430
1 Ave & E 68 St,40.76500525,-73.95818491,E 44 St & Lexington Ave,40.752643,-73.974996,1429
9 Ave & W 22 St,40.7454973,-74.00197139,Hudson St & W 13 St,40.74005708567285,-74.0052741765976,1429
E 85 St & 3 Ave,40.77801203,-73.95407149,E 85 St & York Ave,40.77536905,-73.94803392,1428
Amsterdam Ave & W 79 St,40.7829391,-73.9786517,Columbus Ave & W 72 St,40.7770575,-73.97898475,1426
2 Ave & E 29 St,40.74172351097472,-73.97809267044067,E 13 St & 2 Ave,40.73153937464073,-73.9853024482727,1426
7 Ave & Central Park South,40.7667405590595,-73.9790689945221,Central Park S & 6 Ave,40.76590936,-73.97634151,1425
1 Ave & E 68 St,40.76500525,-73.95818491,3 Ave & E 62 St,40.76312584,-73.96526895,1420
Hudson St & Reade St,40.71625008,-74.0091059,North Moore St & Greenwich St,40.72019521437465,-74.0103006362915,1420
W 21 St & 6 Ave,40.74173969,-73.99415556,9 Ave & W 18 St,40.74317449,-74.00366443,1417
Amsterdam Ave & W 79 St,40.7829391,-73.9786517,W 67 St & Broadway,40.77492513,-73.98266566,1415
Jackson Ave & 46 Rd,40.74524768,-73.94733276,Center Blvd & 51 Ave,40.74336608027021,-73.95960688591003,1413
W 20 St & 10 Ave,40.745686,-74.005141,W 22 St & 8 Ave,40.74475148,-73.99915362,1413
5 Ave & E 87 St,40.78232260730881,-73.95987510681152,Central Park North & Adam Clayton Powell Blvd,40.799484,-73.955613,1411
8 Ave & W 16 St,40.740983,-74.001702,W 26 St & 8 Ave,40.74734825,-73.99723551,1410
1 Ave & E 68 St,40.76500525,-73.95818491,E 65 St & 2 Ave,40.76471851944339,-73.96222069859505,1409
E 40 St & Park Ave,40.750756,-73.978326,W 31 St & 7 Ave,40.749156,-73.9916,1408
W 54 St & 11 Ave,40.768333,-73.992573,12 Ave & W 40 St,40.76087502,-74.00277668,1408
Clinton St & Grand St,40.71559509,-73.9870295,Clinton St & Grand St,40.71559509,-73.9870295,1407
E 2 St & Avenue C,40.7208736,-73.98085795,E 2 St & Avenue C,40.7208736,-73.98085795,1407
W 11 St & 6 Ave,40.73532427,-73.99800419,W 21 St & 6 Ave,40.74173969,-73.99415556,1406
1 Ave & E 78 St,40.77140426,-73.9535166,E 88 St & 1 Ave,40.778301,-73.9488134,1406
E 7 St & Ave C,40.72412944090093,-73.97901266813278,Cooper Square & Astor Pl,40.72951496224949,-73.99075269699097,1405
8 Ave & W 33 St,40.751551,-73.993934,11 Ave & W 41 St,40.76030096,-73.99884222,1404
1 Ave & E 18 St,40.73381219196632,-73.98054420948029,1 Ave & E 18 St,40.73381219196632,-73.98054420948029,1403
Flatbush Ave & Ocean Ave,40.663657,-73.963014,Plaza St East & Flatbush Ave,40.673134,-73.969106,1400
Queens Plaza North & Crescent St,40.75110165,-73.94073717,Queens Plaza North & Crescent St,40.75110165,-73.94073717,1400
Central Park West & W 68 St,40.7734066,-73.97782542,Central Park W & W 91 St,40.78866499127884,-73.96680057048798,1399
5 Ave & E 72 St,40.77282817,-73.96685276,Broadway & W 58 St,40.76695317,-73.98169333,1398
Central Park West & W 72 St,40.77579376683666,-73.9762057363987,Grand Army Plaza & Central Park S,40.7643971,-73.97371465,1397
E 39 St & 2 Ave,40.74803319428767,-73.973827958107,2 Ave & E 29 St,40.74172351097472,-73.97809267044067,1397
E 30 St & Park Ave S,40.74444921,-73.98303529,E 40 St & Park Ave,40.750756,-73.978326,1396
9 Ave & W 22 St,40.7454973,-74.00197139,8 Ave & W 16 St,40.740983,-74.001702,1394
1 Ave & E 18 St,40.73381219196632,-73.98054420948029,E 33 St & 1 Ave,40.74322681432173,-73.97449783980846,1388
Amsterdam Ave & W 73 St,40.77966809007312,-73.98093044757842,W 74 St & Columbus Ave,40.7785669,-73.97754961,1387
E 33 St & 1 Ave,40.74322681432173,-73.97449783980846,2 Ave & E 29 St,40.74172351097472,-73.97809267044067,1385
W 26 St & 8 Ave,40.74734825,-73.99723551,8 Ave & W 31 St,40.7505853470215,-73.9946848154068,1383
31 St & Newtown Ave,40.7675487799971,-73.9209334552288,18 St & 27 Ave,40.772768286288304,-73.92743647098541,1383
W 22 St & 8 Ave,40.74475148,-73.99915362,8 Ave & W 31 St,40.7505853470215,-73.9946848154068,1383
Broadway & W 58 St,40.76695317,-73.98169333,West End Ave & W 60 St,40.77237,-73.99005,1383
Broadway & W 53 St,40.76344058,-73.98268129,W 54 St & 11 Ave,40.768333,-73.992573,1382
North Moore St & Greenwich St,40.72019521437465,-74.0103006362915,West St & Liberty St,40.711444,-74.014847,1381
9 Ave & W 22 St,40.7454973,-74.00197139,W 12 St & Hudson St,40.73752993301071,-74.00558933615685,1381
W 34 St & 11 Ave,40.75594159,-74.0021163,12 Ave & W 40 St,40.76087502,-74.00277668,1380
LaGuardia Pl & W 3 St,40.72917025,-73.99810231,University Pl & E 14 St,40.734814,-73.992085,1379
1 Ave & E 6 St,40.72633085971696,-73.98616880178452,E 14 St & 1 Ave,40.73139303364151,-73.98286700248718,1378
W 54 St & 11 Ave,40.768333,-73.992573,Broadway & W 53 St,40.76344058,-73.98268129,1377
E 10 St & Avenue A,40.72740794,-73.98142006,E 11 St & Avenue B,40.72746420692392,-73.97950418293476,1377
5 Ave & E 72 St,40.77282817,-73.96685276,Grand Army Plaza & Central Park S,40.7643971,-73.97371465,1377
N 11 St & Kent Ave,40.72248188638219,-73.95921930670738,Kent Ave & N 7 St,40.72036775298455,-73.96165072917938,1377
W 4 St & 7 Ave S,40.73401143,-74.00293877,W 4 St & 7 Ave S,40.73401143,-74.00293877,1376
Willoughby St & Fleet St,40.69196566,-73.9813018,Clinton Ave & Myrtle Ave,40.693261,-73.968896,1375
W 22 St & 10 Ave,40.74691959,-74.00451887,W 20 St & 7 Ave,40.74238787,-73.99726235,1375
Willoughby Ave & Hall St,40.69196035,-73.96536851,DeKalb Ave & Hudson Ave,40.689888,-73.981013,1374
11 Ave & W 41 St,40.76030096,-73.99884222,W 42 St & 6 Ave,40.75492,-73.98455,1367
Lenox Ave & W 111 St,40.7987859,-73.9523,Central Park North & Adam Clayton Powell Blvd,40.799484,-73.955613,1365
1 Ave & E 62 St,40.7612274,-73.96094022,1 Ave & E 62 St,40.7612274,-73.96094022,1363
10 Ave & W 28 St,40.75066386,-74.00176802,W 20 St & 7 Ave,40.74238787,-73.99726235,1362
Little West St & 1 Pl,40.70569254,-74.01677685,Broadway & Battery Pl,40.70463334,-74.01361706,1362
W 22 St & 10 Ave,40.74691959,-74.00451887,West St & Chambers St,40.71754834,-74.01322069,1362
S 4 St & Wythe Ave,40.71285887,-73.96590294,Berry St & N 8 St,40.7190095,-73.95852515,1360
6 Ave & W 34 St,40.74964,-73.98805,W 42 St & 6 Ave,40.75492,-73.98455,1360
Lexington Ave & E 24 St,40.74025878,-73.98409214,W 31 St & 7 Ave,40.749156,-73.9916,1359
Amsterdam Ave & W 73 St,40.77966809007312,-73.98093044757842,W 87 St & Amsterdam Ave,40.78839,-73.9747,1358
2 Ave & E 29 St,40.74172351097472,-73.97809267044067,E 25 St & 2 Ave,40.73912601,-73.97973776,1358
Wards Meadow Comfort Station,40.78294,-73.93077,2 Ave & E 96 St,40.7839636,-73.9471673,1357
E 33 St & 1 Ave,40.74322681432173,-73.97449783980846,E 33 St & 5 Ave,40.74765947,-73.98490707,1357
W 34 St & 11 Ave,40.75594159,-74.0021163,West St & Chambers St,40.71754834,-74.01322069,1354
Clinton St & Grand St,40.71559509,-73.9870295,Market St & Henry St,40.71310702305908,-73.99446353316307,1353
E 20 St & FDR Dr,40.733208626522426,-73.9756813647,1 Ave & E 18 St,40.73381219196632,-73.98054420948029,1349
12 Ave & W 40 St,40.76087502,-74.00277668,W 16 St & The High Line,40.74334935,-74.00681753,1347
6 Ave & W 45 St,40.756951,-73.982631,Central Park S & 6 Ave,40.76590936,-73.97634151,1347
Broadway & E 21 St,40.73988840858996,-73.98958593606949,Broadway & E 21 St,40.73988840858996,-73.98958593606949,1347
2 Ave & E 72 St,40.7687620293096,-73.95840793848038,1 Ave & E 62 St,40.7612274,-73.96094022,1346
2 Ave & E 31 St,40.74290902,-73.97706058,E 13 St & 2 Ave,40.73153937464073,-73.9853024482727,1346
5 Ave & E 72 St,40.77282817,-73.96685276,5 Ave & E 78 St,40.77632142182271,-73.96427392959595,1346
11 Ave & W 27 St,40.751396,-74.005226,11 Ave & W 27 St,40.751396,-74.005226,1344
S 4 St & Wythe Ave,40.71285887,-73.96590294,S 5 Pl & S 5 St,40.710451,-73.960876,1341
Cleveland Pl & Spring St,40.722103786686034,-73.99724900722504,Lafayette St & Jersey St,40.72456089,-73.99565293,1340
2 Ave & E 99 St,40.7862586,-73.94552579,2 Ave & E 96 St,40.7839636,-73.9471673,1340
10 Ave & W 28 St,40.75066386,-74.00176802,10 Ave & W 28 St,40.75066386,-74.00176802,1339
Franklin St & Dupont St,40.73564,-73.95866,Huron St & Franklin St,40.73266,-73.95826,1337
E 7 St & Ave C,40.72412944090093,-73.97901266813278,Ave A & E 14 St,40.73031071000895,-73.98047178983688,1337
W 27 St & 7 Ave,40.746647,-73.993915,10 Ave & W 28 St,40.75066386,-74.00176802,1335
Broadway & E 21 St,40.73988840858996,-73.98958593606949,Broadway & E 14 St,40.73454567,-73.99074142,1334
University Pl & E 14 St,40.734814,-73.992085,Greenwich Ave & 8 Ave,40.7390169121,-74.0026376103,1332
South St & Whitehall St,40.70122128,-74.01234218,South St & Gouverneur Ln,40.70355377,-74.00670227,1331
W 54 St & 11 Ave,40.768333,-73.992573,11 Ave & W 41 St,40.76030096,-73.99884222,1331
Grand St & Samuel Dickstein Plaza,40.71511871996496,-73.98417055606842,Norfolk St & Broome St,40.7172274,-73.98802084,1330
1 Ave & E 30 St,40.74144387,-73.97536082,1 Ave & E 39 St,40.74714,-73.97113,1330
Columbus Ave & W 95 St,40.7919557,-73.968087,W 84 St & Columbus Ave,40.78499979,-73.97283406,1330
8 Ave & W 16 St,40.740983,-74.001702,W 22 St & 8 Ave,40.74475148,-73.99915362,1330
West St & Chambers St,40.71754834,-74.01322069,W 30 St & 10 Ave,40.752694,-74.002353,1329
W 63 St & Broadway,40.77163851,-73.98261428,W 63 St & Broadway,40.77163851,-73.98261428,1329
E 32 St & Park Ave,40.7457121,-73.98194829,2 Ave & E 31 St,40.74290902,-73.97706058,1329
Broadway & W 58 St,40.76695317,-73.98169333,Broadway\t& W 48 St,40.76017739537783,-73.98486793041229,1329
W 67 St & Broadway,40.77492513,-73.98266566,Amsterdam Ave & W 79 St,40.7829391,-73.9786517,1328
India St Pier,40.731734785883454,-73.9612390102593,India St & Manhattan Ave,40.73232194,-73.9550858,1328
9 Ave & W 22 St,40.7454973,-74.00197139,9 Ave & W 22 St,40.7454973,-74.00197139,1327
Southpoint Park,40.75370225419114,-73.95865201950072,Motorgate,40.7639089,-73.9477213,1326
W 44 St & 11 Ave,40.762009,-73.996975,W 34 St & 11 Ave,40.75594159,-74.0021163,1326
E 48 St & 5 Ave,40.75724567911726,-73.97805914282799,W 41 St & 8 Ave,40.75640548,-73.9900262,1325
E 7 St & Ave B,40.7251285241158,-73.98131668567657,Ave A & E 14 St,40.73031071000895,-73.98047178983688,1325
South St & Gouverneur Ln,40.70355377,-74.00670227,West St & Liberty St,40.711444,-74.014847,1324
5 Ave & E 93 St,40.7857851,-73.957481,5 Ave & E 87 St,40.78232260730881,-73.95987510681152,1324
9 Ave & W 22 St,40.7454973,-74.00197139,W 18 St & 6 Ave,40.73971301,-73.99456405,1324
Frederick Douglass Blvd & W 112 St,40.801694,-73.957145,W 110 St & Amsterdam Ave,40.802692,-73.96295,1322
Driggs Ave & N 9 St,40.71816969454208,-73.95520135760307,Nassau Ave & Russell St,40.72557,-73.94434,1321
E 80 St & 2 Ave,40.77391390238118,-73.9543953537941,2 Ave & E 72 St,40.7687620293096,-73.95840793848038,1321
Central Park North & Adam Clayton Powell Blvd,40.799484,-73.955613,Central Park West & W 72 St,40.77579376683666,-73.9762057363987,1321
6 Ave & W 33 St,40.74901271,-73.98848395,6 Ave & W 33 St,40.74901271,-73.98848395,1320
N 6 St & Bedford Ave,40.71745169,-73.95850939,Bedford Ave & Nassau Ave,40.72311651,-73.95212324,1319
W 64 St & Thelonious Monk Circle,40.77515953434235,-73.98918695747852,W 64 St & Thelonious Monk Circle,40.77515953434235,-73.98918695747852,1318
Ave A & E 14 St,40.73031071000895,-73.98047178983688,E 6 St & Avenue B,40.72453734,-73.98185424,1318
Spring St & Hudson St,40.72583996792375,-74.0076532959938,Christopher St & Greenwich St,40.73291553,-74.00711384,1318
University Pl & E 14 St,40.734814,-73.992085,W 13 St & 7 Ave,40.73781509,-73.99994661,1315
1 Ave & E 39 St,40.74714,-73.97113,1 Ave & E 68 St,40.76500525,-73.95818491,1315
E 12 St & Ave C,40.727243,-73.976831,Ave A & E 14 St,40.73031071000895,-73.98047178983688,1315
Central Park West & W 72 St,40.77579376683666,-73.9762057363987,Central Park W & W 91 St,40.78866499127884,-73.96680057048798,1312
W 22 St & 8 Ave,40.74475148,-73.99915362,W 20 St & 10 Ave,40.745686,-74.005141,1312
Graham Ave & Conselyea St,40.715143,-73.944507,Driggs Ave & N Henry St,40.72325,-73.94308,1310
Lafayette St & E 8 St,40.73020660529954,-73.99102628231049,Lafayette St & E 8 St,40.73020660529954,-73.99102628231049,1309
W 106 St & Central Park West,40.7981856,-73.9605909006,Central Park W & W 103 St,40.79558954105342,-73.96188408136368,1309
W 22 St & 8 Ave,40.74475148,-73.99915362,W 22 St & 8 Ave,40.74475148,-73.99915362,1308
Norfolk St & Broome St,40.7172274,-73.98802084,S 5 Pl & S 5 St,40.710451,-73.960876,1308
5 Ave & E 87 St,40.78232260730881,-73.95987510681152,5 Ave & E 72 St,40.77282817,-73.96685276,1307
Berkeley Pl & 7 Ave,40.675146838709786,-73.97523209452629,7 Ave & Park Pl,40.6776147,-73.97324283,1305
Franklin Ave & St Marks Ave,40.6758324,-73.9561677,Eastern Pkwy & Franklin Ave,40.6707767,-73.9576801,1305
Riverside Dr & W 104 St,40.8013434,-73.9711457439,Riverside Dr & W 104 St,40.8013434,-73.9711457439,1304
W 49 St & 8 Ave,40.76227205,-73.98788205,9 Ave & W 45 St,40.76019252,-73.9912551,1304
11 Ave & W 41 St,40.76030096,-73.99884222,Broadway & W 41 St,40.75513557,-73.98658032,1301
W 64 St & Thelonious Monk Circle,40.77515953434235,-73.98918695747852,W 67 St & Broadway,40.77492513,-73.98266566,1300
Broadway & W 58 St,40.76695317,-73.98169333,Broadway & W 56 St,40.7652654,-73.98192338,1299
E 25 St & 1 Ave,40.7381765,-73.97738662,E 25 St & 2 Ave,40.73912601,-73.97973776,1299
West St & Chambers St,40.71754834,-74.01322069,West Thames St,40.70834698,-74.01713445,1299
Broadway & W 58 St,40.76695317,-73.98169333,Central Park West & W 68 St,40.7734066,-73.97782542,1299
FDR Drive & E 35 St,40.744219,-73.97121214,1 Ave & E 39 St,40.74714,-73.97113,1299
Broadway & E 21 St,40.73988840858996,-73.98958593606949,W 22 St & 10 Ave,40.74691959,-74.00451887,1299
Central Park West & W 72 St,40.77579376683666,-73.9762057363987,Central Park S & 6 Ave,40.76590936,-73.97634151,1298
West End Ave & W 60 St,40.77237,-73.99005,W 59 St & 10 Ave,40.770513,-73.988038,1298
Central Park West & W 68 St,40.7734066,-73.97782542,7 Ave & Central Park South,40.7667405590595,-73.9790689945221,1296
2 Ave & E 29 St,40.74172351097472,-73.97809267044067,W 31 St & 7 Ave,40.749156,-73.9916,1296
6 Ave & W 33 St,40.74901271,-73.98848395,Central Park S & 6 Ave,40.76590936,-73.97634151,1295
W 41 St & 8 Ave,40.75640548,-73.9900262,11 Ave & W 41 St,40.76030096,-73.99884222,1295
W 31 St & 7 Ave,40.749156,-73.9916,E 27 St & 1 Ave,40.739445,-73.976806,1294
Murray St & Greenwich St,40.71485150526252,-74.01122331619263,West Thames St,40.70834698,-74.01713445,1293
West Drive & Prospect Park West,40.6610633719006,-73.97945255041122,Flatbush Ave & Ocean Ave,40.663657,-73.963014,1293
Old Fulton St,40.70277159,-73.99383605,Old Fulton St,40.70277159,-73.99383605,1292
Clinton St & Joralemon St,40.69239502,-73.99337909,Henry St & Degraw St,40.6847514,-73.99917254,1292
W 31 St & 7 Ave,40.749156,-73.9916,6 Ave & W 33 St,40.74901271,-73.98848395,1291
8 Ave & W 33 St,40.751551,-73.993934,W 37 St & 10 Ave,40.75660359,-73.9979009,1288
West St & Liberty St,40.711444,-74.014847,Broadway & Battery Pl,40.70463334,-74.01361706,1287
Lafayette St & Jersey St,40.72456089,-73.99565293,Lafayette St & E 8 St,40.73020660529954,-73.99102628231049,1287
West St & Chambers St,40.71754834,-74.01322069,Greenwich St & W Houston St,40.728846,-74.008591,1286
8 Ave & W 33 St,40.751551,-73.993934,8 Ave & W 38 St,40.75461,-73.99177,1286
W 26 St & 8 Ave,40.74734825,-73.99723551,W 26 St & 10 Ave,40.749717753,-74.002950346,1285
Broadway & Battery Pl,40.70463334,-74.01361706,Broadway & Battery Pl,40.70463334,-74.01361706,1285
Ave A & E 14 St,40.73031071000895,-73.98047178983688,E 7 St & Ave B,40.7251285241158,-73.98131668567657,1284
Vesey Pl & River Terrace,40.7153379,-74.01658354,10 Ave & W 14 St,40.74198159994023,-74.00831580162048,1284
Milton St & Franklin St,40.72906,-73.95779,Berry St & N 8 St,40.7190095,-73.95852515,1283
West Thames St,40.70834698,-74.01713445,Vesey Pl & River Terrace,40.7153379,-74.01658354,1282
Forsyth St & Canal St,40.7158155,-73.99422366,Forsyth St & Canal St,40.7158155,-73.99422366,1281
6 Ave & Broome St,40.72431,-74.00473,6 Ave & Broome St,40.72431,-74.00473,1280
Clinton St & Union St,40.6831164,-73.99785267,Clinton St & Joralemon St,40.69239502,-73.99337909,1279
W 50 St & 10 Ave,40.76473420006519,-73.99194359779358,8 Ave & W 49 St,40.76171227910671,-73.98655101656914,1277
6 Ave & W 34 St,40.74964,-73.98805,Broadway & W 25 St,40.74286877312112,-73.98918628692627,1276
5 Ave & E 87 St,40.78232260730881,-73.95987510681152,Grand Army Plaza & Central Park S,40.7643971,-73.97371465,1276
Broadway & Berry St,40.71044554,-73.96525063,Broadway & Roebling St,40.70924826276157,-73.96063148975372,1274
Grand Army Plaza & Plaza St West,40.6729679,-73.97087984,Grand Army Plaza & Plaza St West,40.6729679,-73.97087984,1273
W 82 St & Central Park West,40.78275,-73.97137,W 82 St & Central Park West,40.78275,-73.97137,1273
W 100 St & Manhattan Ave,40.795,-73.9645,W 100 St & Manhattan Ave,40.795,-73.9645,1272
10 Ave & W 28 St,40.75066386,-74.00176802,9 Ave & W 22 St,40.7454973,-74.00197139,1271
Nassau Ave & Russell St,40.72557,-73.94434,Leonard St & Nassau Ave,40.7239567849954,-73.94984364509583,1271
5 Ave & E 78 St,40.77632142182271,-73.96427392959595,Grand Army Plaza & Central Park S,40.7643971,-73.97371465,1270
9 Ave & W 45 St,40.76019252,-73.9912551,8 Ave & W 33 St,40.751551,-73.993934,1270
S 5 Pl & S 5 St,40.710451,-73.960876,Norfolk St & Broome St,40.7172274,-73.98802084,1269
W 44 St & 5 Ave,40.75500254,-73.98014437,W 41 St & 8 Ave,40.75640548,-73.9900262,1268
Grand St & Elizabeth St,40.718822,-73.99596,Grand St & Elizabeth St,40.718822,-73.99596,1267
W 21 St & 6 Ave,40.74173969,-73.99415556,W 20 St & 7 Ave,40.74238787,-73.99726235,1267
N 6 St & Bedford Ave,40.71745169,-73.95850939,Milton St & Franklin St,40.72906,-73.95779,1266
Canal St & Rutgers St,40.71427487,-73.98990025,Grand St & Samuel Dickstein Plaza,40.71511871996496,-73.98417055606842,1265
6 Ave & W 34 St,40.74964,-73.98805,E 33 St & 1 Ave,40.74322681432173,-73.97449783980846,1264
Christopher St & Greenwich St,40.73291553,-74.00711384,Christopher St & Greenwich St,40.73291553,-74.00711384,1264
E 27 St & 1 Ave,40.739445,-73.976806,1 Ave & E 39 St,40.74714,-73.97113,1264
Riverside Dr & W 91 St,40.79313480986663,-73.97700369358063,Riverside Dr & W 91 St,40.79313480986663,-73.97700369358063,1264
N 6 St & Bedford Ave,40.71745169,-73.95850939,S 3 St & Bedford Ave,40.71260486,-73.96264403,1262
West St & Liberty St,40.711444,-74.014847,West Thames St,40.70834698,-74.01713445,1262
Grand St & Samuel Dickstein Plaza,40.71511871996496,-73.98417055606842,Canal St & Rutgers St,40.71427487,-73.98990025,1260
Rivington St & Ridge St,40.71850211,-73.98329859,Rivington St & Ridge St,40.71850211,-73.98329859,1258
North Moore St & Greenwich St,40.72019521437465,-74.0103006362915,Murray St & Greenwich St,40.71485150526252,-74.01122331619263,1256
W 16 St & The High Line,40.74334935,-74.00681753,E 16 St & 5 Ave,40.73726186,-73.99238967,1255
Norman St & Wyckoff Ave,40.69517,-73.90311,Forest Ave & Summerfield St,40.69922,-73.89795,1254
7 Ave & Park Pl,40.6776147,-73.97324283,Berkeley Pl & 7 Ave,40.675146838709786,-73.97523209452629,1252
Sands St & Jay St,40.700119,-73.9862,Flushing Ave & Vanderbilt Ave,40.69795031569544,-73.97077560424805,1252
W 54 St & 11 Ave,40.768333,-73.992573,W 34 St & 11 Ave,40.75594159,-74.0021163,1252
Vesey St & Church St,40.71221958009051,-74.01047229766846,Vesey St & Church St,40.71221958009051,-74.01047229766846,1251
2 Ave & E 72 St,40.7687620293096,-73.95840793848038,E 55 St & 2 Ave,40.75797322,-73.96603308,1248
Washington Pl & 6 Ave,40.73224119,-74.00026394,W 21 St & 6 Ave,40.74173969,-73.99415556,1247
W 46 St & 11 Ave,40.76341379,-73.99667444,W 44 St & 11 Ave,40.762009,-73.996975,1247
W 20 St & 7 Ave,40.74238787,-73.99726235,W 21 St & 6 Ave,40.74173969,-73.99415556,1247
E 6 St & Avenue B,40.72453734,-73.98185424,Cooper Square & Astor Pl,40.72951496224949,-73.99075269699097,1246
Dyckman St & Staff St,40.868846,-73.931537,Dyckman St & Staff St,40.868846,-73.931537,1245
W 13 St & 5 Ave,40.735445,-73.99431,W 13 St & 7 Ave,40.73781509,-73.99994661,1244
Clinton St & Grand St,40.71559509,-73.9870295,Norfolk St & Broome St,40.7172274,-73.98802084,1242
Henry St & Grand St,40.714211,-73.981095,Forsyth St\t& Grand St,40.71779817737835,-73.99316132068634,1241
1 Ave & E 16 St,40.73221853,-73.98165557,E 20 St & FDR Dr,40.733208626522426,-73.9756813647,1240
W 15 St & 6 Ave,40.738046142482766,-73.99642959237099,W 15 St & 6 Ave,40.738046142482766,-73.99642959237099,1240
Market St & Henry St,40.71310702305908,-73.99446353316307,Clinton St & Grand St,40.71559509,-73.9870295,1239
Broadway & W 38 St,40.7529728216068,-73.98734897375107,Broadway & W 25 St,40.74286877312112,-73.98918628692627,1239
8 Ave & W 33 St,40.751551,-73.993934,W 43 St & 10 Ave,40.76009437,-73.99461843,1239
Broadway & W 51 St,40.76228826,-73.98336183,W 53 St & 10 Ave,40.76669671,-73.99061728,1238
W 54 St & 11 Ave,40.768333,-73.992573,8 Ave & W 33 St,40.751551,-73.993934,1237
Forest Ave & Summerfield St,40.69922,-73.89795,Norman St & Wyckoff Ave,40.69517,-73.90311,1237
Amsterdam Ave & W 82 St,40.78524672,-73.97667321,Columbus Ave & W 72 St,40.7770575,-73.97898475,1236
E 25 St & 2 Ave,40.73912601,-73.97973776,E 13 St & 2 Ave,40.73153937464073,-73.9853024482727,1236
11 Ave & W 41 St,40.76030096,-73.99884222,11 Ave & W 27 St,40.751396,-74.005226,1235
Water St & Main St,40.703212,-73.990409,Water St & Main St,40.703212,-73.990409,1234
W 13 St & 5 Ave,40.735445,-73.99431,W 13 St & 5 Ave,40.735445,-73.99431,1234
Amsterdam Ave & W 66 St,40.7746671,-73.98470567,W 70 St & Amsterdam Ave,40.77748046,-73.98288594,1233
Broadway & W 29 St,40.7462009,-73.98855723,Broadway & E 21 St,40.73988840858996,-73.98958593606949,1232
Amsterdam Ave & W 79 St,40.7829391,-73.9786517,Amsterdam Ave & W 79 St,40.7829391,-73.9786517,1232
E 23 St & 1 Ave,40.736502,-73.97809472,E 33 St & 1 Ave,40.74322681432173,-73.97449783980846,1232
6 Ave & W 33 St,40.74901271,-73.98848395,E 40 St & Park Ave,40.750756,-73.978326,1232
E 10 St & Avenue A,40.72740794,-73.98142006,Broadway & E 14 St,40.73454567,-73.99074142,1231
Broadway & E 21 St,40.73988840858996,-73.98958593606949,9 Ave & W 22 St,40.7454973,-74.00197139,1230
W 26 St & 8 Ave,40.74734825,-73.99723551,8 Ave & W 33 St,40.751551,-73.993934,1229
Henry St & Grand St,40.714211,-73.981095,Henry St & Grand St,40.714211,-73.981095,1228
W 21 St & 6 Ave,40.74173969,-73.99415556,8 Ave & W 38 St,40.75461,-73.99177,1226
2 Ave & E 72 St,40.7687620293096,-73.95840793848038,2 Ave & E 72 St,40.7687620293096,-73.95840793848038,1225
7 Ave & Central Park South,40.7667405590595,-73.9790689945221,Grand Army Plaza & Central Park S,40.7643971,-73.97371465,1225
Central Park S & 6 Ave,40.76590936,-73.97634151,Broadway & W 58 St,40.76695317,-73.98169333,1222
E 44 St & Lexington Ave,40.752643,-73.974996,E 44 St & 2 Ave,40.75118387463277,-73.97138714790344,1222
W 20 St & 8 Ave,40.74345335,-74.00004031,8 Ave & W 31 St,40.7505853470215,-73.9946848154068,1221
W 20 St & 8 Ave,40.74345335,-74.00004031,W 20 St & 10 Ave,40.745686,-74.005141,1220
Grand Army Plaza & Central Park S,40.7643971,-73.97371465,Central Park West & W 68 St,40.7734066,-73.97782542,1220
E 20 St & FDR Dr,40.733208626522426,-73.9756813647,1 Ave & E 16 St,40.73221853,-73.98165557,1220
West St & Liberty St,40.711444,-74.014847,North Moore St & Greenwich St,40.72019521437465,-74.0103006362915,1220
Central Park West & W 76 St,40.77896784,-73.97374737,7 Ave & Central Park South,40.7667405590595,-73.9790689945221,1219
E 41 St & Madison Ave (SW corner),40.752165280621966,-73.97992193698882,W 31 St & 7 Ave,40.749156,-73.9916,1219
5 Ave & E 87 St,40.78232260730881,-73.95987510681152,5 Ave & E 78 St,40.77632142182271,-73.96427392959595,1218
E 40 St & Park Ave,40.750756,-73.978326,FDR Drive & E 35 St,40.744219,-73.97121214,1218
6 Ave & W 45 St,40.756951,-73.982631,6 Ave & W 45 St,40.756951,-73.982631,1217
9 Ave & W 18 St,40.74317449,-74.00366443,W 20 St & 8 Ave,40.74345335,-74.00004031,1216
9 Ave & W 45 St,40.76019252,-73.9912551,9 Ave & W 45 St,40.76019252,-73.9912551,1215
E 27 St & 1 Ave,40.739445,-73.976806,E 33 St & 1 Ave,40.74322681432173,-73.97449783980846,1215
5 Ave & E 78 St,40.77632142182271,-73.96427392959595,7 Ave & Central Park South,40.7667405590595,-73.9790689945221,1214
Steinway St & 28 Ave,40.7656251,-73.9136695,31 St & Newtown Ave,40.7675487799971,-73.9209334552288,1214
9 Ave & W 22 St,40.7454973,-74.00197139,Broadway & E 21 St,40.73988840858996,-73.98958593606949,1214
7 Ave & Central Park South,40.7667405590595,-73.9790689945221,Central Park West & W 68 St,40.7734066,-73.97782542,1214
DeKalb Ave & Hudson Ave,40.689888,-73.981013,Willoughby St & Fleet St,40.69196566,-73.9813018,1214
9 Ave & W 22 St,40.7454973,-74.00197139,Greenwich Ave & 8 Ave,40.7390169121,-74.0026376103,1214
Broadway & W 58 St,40.76695317,-73.98169333,5 Ave & E 72 St,40.77282817,-73.96685276,1213
W 31 St & 7 Ave,40.749156,-73.9916,Lexington Ave & E 24 St,40.74025878,-73.98409214,1212
E 1 St & 1 Ave,40.72335597960796,-73.98864984512329,E 1 St & 1 Ave,40.72335597960796,-73.98864984512329,1212
5 Ave & E 72 St,40.77282817,-73.96685276,Central Park North & Adam Clayton Powell Blvd,40.799484,-73.955613,1211
W 16 St & The High Line,40.74334935,-74.00681753,W 16 St & The High Line,40.74334935,-74.00681753,1211
W 43 St & 10 Ave,40.76009437,-73.99461843,8 Ave & W 33 St,40.751551,-73.993934,1211
Broadway & W 58 St,40.76695317,-73.98169333,11 Ave & W 59 St,40.77149671054441,-73.99046033620834,1210
Central Park West & W 72 St,40.77579376683666,-73.9762057363987,Central Park West & W 85 St,40.78476,-73.969862,1210
Central Park West & W 72 St,40.77579376683666,-73.9762057363987,Broadway & W 58 St,40.76695317,-73.98169333,1209
Broadway & W 56 St,40.7652654,-73.98192338,W 53 St & 10 Ave,40.76669671,-73.99061728,1209
E 14 St & Avenue B,40.72938685,-73.97772429,Ave A & E 14 St,40.73031071000895,-73.98047178983688,1208
1 Ave & E 78 St,40.77140426,-73.9535166,1 Ave & E 62 St,40.7612274,-73.96094022,1206
W 21 St & 6 Ave,40.74173969,-73.99415556,Greenwich Ave & 8 Ave,40.7390169121,-74.0026376103,1206
Picnic Point,40.68512559515415,-74.02535319328308,Picnic Point,40.68512559515415,-74.02535319328308,1205
W 16 St & The High Line,40.74334935,-74.00681753,W 15 St & 7 Ave,40.73935542,-73.99931783,1205
1 Ave & E 110 St,40.7923272,-73.9383,2 Ave & E 96 St,40.7839636,-73.9471673,1205
Columbus Ave & W 72 St,40.7770575,-73.97898475,Central Park West & W 72 St,40.77579376683666,-73.9762057363987,1204
E 44 St & Lexington Ave,40.752643,-73.974996,1 Ave & E 68 St,40.76500525,-73.95818491,1204
W 15 St & 7 Ave,40.73935542,-73.99931783,W 15 St & 6 Ave,40.738046142482766,-73.99642959237099,1204
West End Ave & W 60 St,40.77237,-73.99005,Broadway & W 58 St,40.76695317,-73.98169333,1203
W 31 St & 7 Ave,40.749156,-73.9916,E 30 St & Park Ave S,40.74444921,-73.98303529,1203
8 Ave & W 16 St,40.740983,-74.001702,10 Ave & W 28 St,40.75066386,-74.00176802,1203
Central Park West & W 85 St,40.78476,-73.969862,Central Park W & W 91 St,40.78866499127884,-73.96680057048798,1202
Astoria Park S & Shore Blvd,40.7767,-73.927631,Astoria Park S & Shore Blvd,40.7767,-73.927631,1201
Central Ave & Woodbine St,40.69296,-73.91605,Wyckoff Ave & Gates Ave,40.699871408829885,-73.91171872615814,1201
Fulton St & Utica Ave,40.6794268,-73.9298911,Lewis Ave & Madison St,40.686312,-73.935775,1201
West St & Liberty St,40.711444,-74.014847,12 Ave & W 40 St,40.76087502,-74.00277668,1201
W 22 St & 8 Ave,40.74475148,-73.99915362,W 26 St & 8 Ave,40.74734825,-73.99723551,1201
West St & Chambers St,40.71754834,-74.01322069,Washington St & Barrow St,40.73191132323174,-74.008769094944,1201
Spruce St & Nassau St,40.71146364,-74.00552427,Spruce St & Nassau St,40.71146364,-74.00552427,1200
Broadway & E 14 St,40.73454567,-73.99074142,Washington Square E,40.73049393,-73.9957214,1200
Central Park West & W 72 St,40.77579376683666,-73.9762057363987,5 Ave & E 87 St,40.78232260730881,-73.95987510681152,1200
West St & Chambers St,40.71754834,-74.01322069,Bank St & Washington St,40.7361967,-74.00859207,1199
8 Ave & W 38 St,40.75461,-73.99177,Broadway & W 38 St,40.7529728216068,-73.98734897375107,1198
Warren St & W Broadway,40.71473993,-74.00910627,Centre St & Chambers St,40.71273266,-74.0046073,1197
10 Ave & W 28 St,40.75066386,-74.00176802,W 27 St & 7 Ave,40.746647,-73.993915,1195
Lafayette Ave & Classon Ave,40.68900443,-73.96023854,Emerson Pl & Myrtle Ave,40.69363137,-73.96223558,1195
Broadway & W 25 St,40.74286877312112,-73.98918628692627,6 Ave & W 33 St,40.74901271,-73.98848395,1195
1 Ave & E 18 St,40.73381219196632,-73.98054420948029,Broadway & E 21 St,40.73988840858996,-73.98958593606949,1194
7 Ave & Central Park South,40.7667405590595,-73.9790689945221,5 Ave & E 78 St,40.77632142182271,-73.96427392959595,1194
6 Ave & W 33 St,40.74901271,-73.98848395,W 51 St & 6 Ave,40.7606597,-73.98042047,1193
Frederick Douglass Blvd & W 117 St,40.805159,-73.954692,Frederick Douglass Blvd & W 117 St,40.805159,-73.954692,1193
E 25 St & 2 Ave,40.73912601,-73.97973776,W 31 St & 7 Ave,40.749156,-73.9916,1193
W 18 St & 6 Ave,40.73971301,-73.99456405,W 21 St & 6 Ave,40.74173969,-73.99415556,1192
E 84 St & 1 Ave,40.77565541,-73.95068615,E 85 St & 3 Ave,40.77801203,-73.95407149,1190
Cleveland Pl & Spring St,40.722103786686034,-73.99724900722504,4 Ave & E 12 St,40.732647,-73.99011,1189
Graham Ave & Conselyea St,40.715143,-73.944507,Morgan Ave & Lombardy St,40.72226,-73.93889,1189
W 54 St & 11 Ave,40.768333,-73.992573,W 54 St & 9 Ave,40.76584941,-73.98690506,1188
Hope St & Union Ave,40.71167351,-73.95141312,Metropolitan Ave & Bedford Ave,40.71534825,-73.96024116,1185
West St & Chambers St,40.71754834,-74.01322069,Morton St & Washington St,40.73115,-74.00887,1185
5 Ave & E 87 St,40.78232260730881,-73.95987510681152,Central Park West & W 72 St,40.77579376683666,-73.9762057363987,1185
E 2 St & Avenue A,40.72307749068673,-73.98583620786667,Ave A & E 14 St,40.73031071000895,-73.98047178983688,1185
11 Ave & W 27 St,40.751396,-74.005226,West St & Chambers St,40.71754834,-74.01322069,1184
Pier 40 - Hudson River Park,40.7277140777778,-74.01129573583603,Little West St & 1 Pl,40.70569254,-74.01677685,1184
E 33 St & 1 Ave,40.74322681432173,-73.97449783980846,E 20 St & 2 Ave,40.73587678,-73.98205027,1184
Columbus Ave & W 95 St,40.7919557,-73.968087,Columbus Ave & W 72 St,40.7770575,-73.97898475,1184
Central Park North & Adam Clayton Powell Blvd,40.799484,-73.955613,Central Park S & 6 Ave,40.76590936,-73.97634151,1183
W 50 St & 10 Ave,40.76473420006519,-73.99194359779358,W 50 St & 9 Ave,40.76360467795863,-73.98917958140373,1181
W 15 St & 6 Ave,40.738046142482766,-73.99642959237099,W 15 St & 10 Ave,40.74275382865903,-74.00747358798981,1180
N 6 St & Bedford Ave,40.71745169,-73.95850939,Nassau Ave & Russell St,40.72557,-73.94434,1179
E 1 St & 1 Ave,40.72335597960796,-73.98864984512329,1 Ave & E 6 St,40.72633085971696,-73.98616880178452,1179
South St & Gouverneur Ln,40.70355377,-74.00670227,South St & Gouverneur Ln,40.70355377,-74.00670227,1178
Columbus Ave & W 95 St,40.7919557,-73.968087,Columbus Ave & W 95 St,40.7919557,-73.968087,1177
35 Ave & 10 St,40.76315481910373,-73.93985509872437,21 St & Queens Plaza North,40.75325964,-73.94335788,1177
W 70 St & Amsterdam Ave,40.77748046,-73.98288594,W 63 St & Broadway,40.77163851,-73.98261428,1175
18 St & 27 Ave,40.772768286288304,-73.92743647098541,31 St & Newtown Ave,40.7675487799971,-73.9209334552288,1174
S 4 St & Wythe Ave,40.71285887,-73.96590294,Broadway & Roebling St,40.70924826276157,-73.96063148975372,1174
E 23 St & 1 Ave,40.736502,-73.97809472,E 27 St & 1 Ave,40.739445,-73.976806,1173
E 1 St & 1 Ave,40.72335597960796,-73.98864984512329,E 11 St & 1 Ave,40.72953837,-73.98426726,1173
E 47 St & 2 Ave,40.75323098,-73.97032517,E 44 St & Lexington Ave,40.752643,-73.974996,1173
E 33 St & 1 Ave,40.74322681432173,-73.97449783980846,E 39 St & 2 Ave,40.74803319428767,-73.973827958107,1173
10 Ave & W 28 St,40.75066386,-74.00176802,8 Ave & W 31 St,40.7505853470215,-73.9946848154068,1172
Lenox Ave & W 111 St,40.7987859,-73.9523,Lexington Ave & E 111 St,40.7954121,-73.9441232,1172
Central Park North & Adam Clayton Powell Blvd,40.799484,-73.955613,W 106 St & Central Park West,40.7981856,-73.9605909006,1172
E 85 St & 3 Ave,40.77801203,-73.95407149,E 82 St & East End Ave,40.7724607,-73.9468208,1172
Washington St & Gansevoort St,40.739323,-74.008119,West St & Liberty St,40.711444,-74.014847,1171
8 Ave & W 49 St,40.76171227910671,-73.98655101656914,Broadway & W 58 St,40.76695317,-73.98169333,1171
Kingsland Ave & Nassau Ave,40.72577,-73.94173,Driggs Ave & N 9 St,40.71816969454208,-73.95520135760307,1170
E 85 St & 3 Ave,40.77801203,-73.95407149,E 85 St & 3 Ave,40.77801203,-73.95407149,1169
W 21 St & 6 Ave,40.74173969,-73.99415556,W 13 St & 7 Ave,40.73781509,-73.99994661,1169
8 Ave & W 33 St,40.751551,-73.993934,8 Ave & W 33 St,40.751551,-73.993934,1168
Adelphi St & Myrtle Ave,40.69308257,-73.97178913,DeKalb Ave & Hudson Ave,40.689888,-73.981013,1168
E 6 St & Avenue B,40.72453734,-73.98185424,E 1 St & 1 Ave,40.72335597960796,-73.98864984512329,1168
Leonard St & Nassau Ave,40.7239567849954,-73.94984364509583,Driggs Ave & N 9 St,40.71816969454208,-73.95520135760307,1167
2 Ave & E 31 St,40.74290902,-73.97706058,E 25 St & 2 Ave,40.73912601,-73.97973776,1167
West End Ave & W 60 St,40.77237,-73.99005,W 54 St & 11 Ave,40.768333,-73.992573,1166
E 161 St & River Ave,40.827883,-73.927111,E 161 St & River Ave,40.827883,-73.927111,1166
Plaza St East & Flatbush Ave,40.673134,-73.969106,West Drive & Prospect Park West,40.6610633719006,-73.97945255041122,1165
E 13 St & 2 Ave,40.73153937464073,-73.9853024482727,E 13 St & 2 Ave,40.73153937464073,-73.9853024482727,1165
S 5 Pl & S 5 St,40.710451,-73.960876,Allen St & Rivington St,40.72019576,-73.98997825,1165
8 Ave & W 52 St,40.76370739,-73.9851615,9 Ave & W 45 St,40.76019252,-73.9912551,1165
Central Park S & 6 Ave,40.76590936,-73.97634151,Central Park West & W 76 St,40.77896784,-73.97374737,1165
W 20 St & 7 Ave,40.74238787,-73.99726235,W 20 St & 10 Ave,40.745686,-74.005141,1164
E 44 St & Lexington Ave,40.752643,-73.974996,E 33 St & 1 Ave,40.74322681432173,-73.97449783980846,1163
West Drive & Prospect Park West,40.6610633719006,-73.97945255041122,Plaza St East & Flatbush Ave,40.673134,-73.969106,1163
W 89 St & Columbus Ave,40.7882213,-73.97041561,W 84 St & Columbus Ave,40.78499979,-73.97283406,1163
Grand Army Plaza & Central Park S,40.7643971,-73.97371465,5 Ave & E 93 St,40.7857851,-73.957481,1163
Ave A & E 14 St,40.73031071000895,-73.98047178983688,E 12 St & Ave C,40.727243,-73.976831,1163
Broadway & E 14 St,40.73454567,-73.99074142,Lafayette St & E 8 St,40.73020660529954,-73.99102628231049,1162
E 14 St & Avenue B,40.72938685,-73.97772429,1 Ave & E 16 St,40.73221853,-73.98165557,1162
Grand Army Plaza & Plaza St West,40.6729679,-73.97087984,West Drive & Prospect Park West,40.6610633719006,-73.97945255041122,1161
N 6 St & Bedford Ave,40.71745169,-73.95850939,Franklin St & Dupont St,40.73564,-73.95866,1161
W 20 St & 10 Ave,40.745686,-74.005141,8 Ave & W 16 St,40.740983,-74.001702,1161
Allen St & Stanton St,40.722055,-73.989111,Allen St & Stanton St,40.722055,-73.989111,1161
Broadway & E 14 St,40.73454567,-73.99074142,Bleecker St & Crosby St,40.72615604980408,-73.99510189890862,1160
W 15 St & 7 Ave,40.73935542,-73.99931783,W 15 St & 10 Ave,40.74275382865903,-74.00747358798981,1160
Lenox Ave & W 117 St,40.8025566,-73.9490782,E 118 St & Madison Ave,40.8014866,-73.9442507,1160
E 91 St & 2 Ave,40.78115276427916,-73.94963040947914,2 Ave & E 72 St,40.7687620293096,-73.95840793848038,1160
E 2 St & Avenue B,40.72217444,-73.98368779,E 2 St & Avenue A,40.72307749068673,-73.98583620786667,1160
Clark St & Henry St,40.69760127,-73.99344559,Henry St & Atlantic Ave,40.69089272,-73.99612349,1159
11 Ave & W 59 St,40.77149671054441,-73.99046033620834,W 54 St & 11 Ave,40.768333,-73.992573,1158
W 18 St & 6 Ave,40.73971301,-73.99456405,6 Ave & W 33 St,40.74901271,-73.98848395,1158
Broadway & W 58 St,40.76695317,-73.98169333,Central Park West & W 72 St,40.77579376683666,-73.9762057363987,1158
W 25 St & 6 Ave,40.74395411,-73.99144871,10 Ave & W 28 St,40.75066386,-74.00176802,1156
31 St & Ditmars Blvd,40.776168,-73.910485,21 Ave & Crescent St,40.780478,-73.912212,1155
E 11 St & 1 Ave,40.72953837,-73.98426726,E 11 St & 3 Ave,40.73127,-73.98849,1155
1 Ave & E 16 St,40.73221853,-73.98165557,E 25 St & 1 Ave,40.7381765,-73.97738662,1154
Vesey Pl & River Terrace,40.7153379,-74.01658354,Little West St & 1 Pl,40.70569254,-74.01677685,1154
21 Ave & Crescent St,40.780478,-73.912212,31 St & 23 Ave,40.7747878,-73.9125551,1154
Christopher St & Greenwich St,40.73291553,-74.00711384,Spring St & Hudson St,40.72583996792375,-74.0076532959938,1154
Putnam Ave & Throop Ave,40.6851532,-73.94111,Macon St & Nostrand Ave,40.6809833854,-73.9500479759,1153
Grand Army Plaza & Central Park S,40.7643971,-73.97371465,5 Ave & E 78 St,40.77632142182271,-73.96427392959595,1153
Clark St & Henry St,40.69760127,-73.99344559,Court St & State St,40.6902375,-73.99203074,1152
W 15 St & 7 Ave,40.73935542,-73.99931783,W 15 St & 7 Ave,40.73935542,-73.99931783,1151
Broadway & W 41 St,40.75513557,-73.98658032,Broadway & W 38 St,40.7529728216068,-73.98734897375107,1151
8 Ave & W 31 St,40.7505853470215,-73.9946848154068,8 Ave & W 38 St,40.75461,-73.99177,1151
Park Ave & E 124 St,40.8045555,-73.9396861,5 Ave & E 103 St,40.7922553,-73.95249933,1150
W 21 St & 6 Ave,40.74173969,-73.99415556,8 Ave & W 16 St,40.740983,-74.001702,1148
W 42 St & 6 Ave,40.75492,-73.98455,W 42 St & Dyer Ave,40.75898481399634,-73.99379968643188,1146
West St & Chambers St,40.71754834,-74.01322069,W 34 St & 11 Ave,40.75594159,-74.0021163,1146
Central Park West & W 68 St,40.7734066,-73.97782542,Grand Army Plaza & Central Park S,40.7643971,-73.97371465,1145
Lafayette St & E 8 St,40.73020660529954,-73.99102628231049,E 10 St & Avenue A,40.72740794,-73.98142006,1145
Flatbush Ave & Ocean Ave,40.663657,-73.963014,Flatbush Ave & Eastern Pkwy,40.668757,-73.966438,1144
Leonard St & Nassau Ave,40.7239567849954,-73.94984364509583,Nassau Ave & Russell St,40.72557,-73.94434,1144
E 2 St & Avenue C,40.7208736,-73.98085795,E 2 St & Avenue A,40.72307749068673,-73.98583620786667,1143
Central Park West & W 72 St,40.77579376683666,-73.9762057363987,Central Park West & W 76 St,40.77896784,-73.97374737,1143
E 106 St & 2 Ave,40.790586067792006,-73.94195795059204,2 Ave & E 96 St,40.7839636,-73.9471673,1142
W 43 St & 10 Ave,40.76009437,-73.99461843,W 42 St & 8 Ave,40.7575699,-73.99098507,1141
Madison Ave & E 26 St,40.742684734875695,-73.98671329021454,W 41 St & 8 Ave,40.75640548,-73.9900262,1141
Lewis Ave & Madison St,40.686312,-73.935775,Fulton St & Utica Ave,40.6794268,-73.9298911,1141
Metropolitan Ave & Bedford Ave,40.71534825,-73.96024116,Stagg St & Union Ave,40.70877084,-73.95095259,1141
Frederick Douglass Blvd & W 117 St,40.805159,-73.954692,Frederick Douglass Blvd & W 115 St,40.8038654,-73.9559308,1140
W 20 St & 8 Ave,40.74345335,-74.00004031,W 20 St & 7 Ave,40.74238787,-73.99726235,1138
Central Park West & W 85 St,40.78476,-73.969862,7 Ave & Central Park South,40.7667405590595,-73.9790689945221,1137
E 2 St & Avenue B,40.72217444,-73.98368779,E 2 St & Avenue B,40.72217444,-73.98368779,1137
West St & Chambers St,40.71754834,-74.01322069,W 20 St & 10 Ave,40.745686,-74.005141,1136
Milton St & Franklin St,40.72906,-73.95779,Milton St & Franklin St,40.72906,-73.95779,1136
5 Ave & E 72 St,40.77282817,-73.96685276,2 Ave & E 72 St,40.7687620293096,-73.95840793848038,1135
W 47 St & 10 Ave,40.76269882,-73.99301222,W 47 St & 10 Ave,40.76269882,-73.99301222,1135
River Ter & Warren St,40.71759894980997,-74.01587963104248,West St & Chambers St,40.71754834,-74.01322069,1134
W 100 St & Broadway,40.7973721,-73.97041192,W 100 St & Manhattan Ave,40.795,-73.9645,1134
E 14 St & Avenue B,40.72938685,-73.97772429,E 14 St & Avenue B,40.72938685,-73.97772429,1134
E 53 St & Lexington Ave,40.75828065,-73.97069431,E 44 St & Lexington Ave,40.752643,-73.974996,1133
Broadway & W 61 St,40.77003010255044,-73.9819684624672,Amsterdam Ave & W 73 St,40.77966809007312,-73.98093044757842,1132
Norfolk St & Broome St,40.7172274,-73.98802084,Bialystoker Pl & Delancey St,40.71622644,-73.98261206,1132
6 Ave & W 33 St,40.74901271,-73.98848395,11 Ave & W 41 St,40.76030096,-73.99884222,1131
8 Ave & W 49 St,40.76171227910671,-73.98655101656914,8 Ave & W 52 St,40.76370739,-73.9851615,1131
W 111 St & 5 Ave,40.79752078124756,-73.9489397406578,Lenox Ave & W 111 St,40.7987859,-73.9523,1131
Broadway & W 41 St,40.75513557,-73.98658032,6 Ave & W 33 St,40.74901271,-73.98848395,1130
Bus Slip & State St,40.701907,-74.013942,Bus Slip & State St,40.701907,-74.013942,1129
E 40 St & Park Ave,40.750756,-73.978326,E 40 St & Park Ave,40.750756,-73.978326,1129
11 Ave & W 41 St,40.76030096,-73.99884222,12 Ave & W 40 St,40.76087502,-74.00277668,1128
Centre St & Worth St,40.71494807,-74.00234482,Centre St & Worth St,40.71494807,-74.00234482,1128
E 10 St & Avenue A,40.72740794,-73.98142006,Lafayette St & E 8 St,40.73020660529954,-73.99102628231049,1127
8 Ave & W 31 St,40.7505853470215,-73.9946848154068,9 Ave & W 22 St,40.7454973,-74.00197139,1127
9 Ave & W 45 St,40.76019252,-73.9912551,W 29 St & 9 Ave,40.7500727,-73.99839279,1127
W 21 St & 6 Ave,40.74173969,-73.99415556,W 17 St & 8 Ave,40.74177603,-74.00149746,1125
2 Ave & E 29 St,40.74172351097472,-73.97809267044067,E 20 St & 2 Ave,40.73587678,-73.98205027,1125
W 20 St & 10 Ave,40.745686,-74.005141,W 20 St & 10 Ave,40.745686,-74.005141,1124
Washington St & Laight St,40.72231,-74.0106,Greenwich St & Hubert St,40.721319,-74.010065,1124
W 22 St & 10 Ave,40.74691959,-74.00451887,8 Ave & W 16 St,40.740983,-74.001702,1124
Berry St & N 8 St,40.7190095,-73.95852515,Franklin St & Dupont St,40.73564,-73.95866,1124
Motorgate,40.7639089,-73.9477213,Southpoint Park,40.75370225419114,-73.95865201950072,1123
E 102 St & 1 Ave,40.7869946,-73.94164802,E 103 St & Lexington Ave,40.7903051,-73.94755757,1123
Hicks St & Montague St,40.69512845,-73.99595065,Clark St & Henry St,40.69760127,-73.99344559,1122
W 16 St & The High Line,40.74334935,-74.00681753,W 15 St & 6 Ave,40.738046142482766,-73.99642959237099,1121
West Drive & Prospect Park West,40.6610633719006,-73.97945255041122,3 St & Prospect Park West,40.668132,-73.97363831,1120
8 Ave & W 52 St,40.76370739,-73.9851615,8 Ave & W 52 St,40.76370739,-73.9851615,1120
W 31 St & 7 Ave,40.749156,-73.9916,E 40 St & Park Ave,40.750756,-73.978326,1120
W 42 St & 6 Ave,40.75492,-73.98455,W 42 St & 6 Ave,40.75492,-73.98455,1120
W 45 St & 8 Ave,40.75929124,-73.98859651,8 Ave & W 52 St,40.76370739,-73.9851615,1119
Broadway & W 58 St,40.76695317,-73.98169333,Broadway & W 53 St,40.76344058,-73.98268129,1119
Wythe Ave & Metropolitan Ave,40.716887,-73.963198,Milton St & Franklin St,40.72906,-73.95779,1118
Washington St & Gansevoort St,40.739323,-74.008119,Christopher St & Greenwich St,40.73291553,-74.00711384,1118
Broadway & W 41 St,40.75513557,-73.98658032,W 43 St & 10 Ave,40.76009437,-73.99461843,1118
Frederick Douglass Blvd & W 112 St,40.801694,-73.957145,Frederick Douglass Blvd & W 117 St,40.805159,-73.954692,1117
7 Ave & Central Park South,40.7667405590595,-73.9790689945221,5 Ave & E 93 St,40.7857851,-73.957481,1117
Great Jones St,40.72743423,-73.99379025,4 Ave & E 12 St,40.732647,-73.99011,1117
46 Ave & 5 St,40.74731,-73.95451,46 Ave & 5 St,40.74731,-73.95451,1117
Frederick Douglass Blvd & W 115 St,40.8038654,-73.9559308,St Nicholas Ave & Manhattan Ave,40.809725,-73.953149,1116
1 Ave & E 110 St,40.7923272,-73.9383,Lexington Ave & E 111 St,40.7954121,-73.9441232,1114
W 25 St & 6 Ave,40.74395411,-73.99144871,6 Ave & W 33 St,40.74901271,-73.98848395,1112
W 30 St & 10 Ave,40.752694,-74.002353,West St & Chambers St,40.71754834,-74.01322069,1112
1 Ave & E 62 St,40.7612274,-73.96094022,E 72 St & York Ave,40.76663814,-73.95348296,1111
W 31 St & 7 Ave,40.749156,-73.9916,2 Ave & E 29 St,40.74172351097472,-73.97809267044067,1111
11 Ave & W 59 St,40.77149671054441,-73.99046033620834,11 Ave & W 59 St,40.77149671054441,-73.99046033620834,1110
Central Park West & W 85 St,40.78476,-73.969862,Central Park West & W 72 St,40.77579376683666,-73.9762057363987,1110
6 Ave & W 33 St,40.74901271,-73.98848395,Broadway & W 29 St,40.7462009,-73.98855723,1109
Frederick Douglass Blvd & W 115 St,40.8038654,-73.9559308,Frederick Douglass Blvd & W 112 St,40.801694,-73.957145,1109
Central Park West & W 68 St,40.7734066,-73.97782542,Broadway & W 58 St,40.76695317,-73.98169333,1107
11 Ave & W 41 St,40.76030096,-73.99884222,W 30 St & 10 Ave,40.752694,-74.002353,1107
Greenwich St & W Houston St,40.728846,-74.008591,West St & Chambers St,40.71754834,-74.01322069,1107
W 17 St & 8 Ave,40.74177603,-74.00149746,W 20 St & 10 Ave,40.745686,-74.005141,1107
Hicks St & Montague St,40.69512845,-73.99595065,Court St & State St,40.6902375,-73.99203074,1106
E 81 St & York Ave,40.7728384,-73.94989233,E 72 St & York Ave,40.76663814,-73.95348296,1106
11 Ave & W 59 St,40.77149671054441,-73.99046033620834,Broadway & W 58 St,40.76695317,-73.98169333,1106
S 4 St & Wythe Ave,40.71285887,-73.96590294,Kent Ave & N 7 St,40.72036775298455,-73.96165072917938,1106
Lafayette St & E 8 St,40.73020660529954,-73.99102628231049,E 9 St & 5 Ave,40.73275887045087,-73.99581670761108,1105
1 Ave & E 39 St,40.74714,-73.97113,1 Ave & E 62 St,40.7612274,-73.96094022,1105
Broadway & W 38 St,40.7529728216068,-73.98734897375107,6 Ave & W 34 St,40.74964,-73.98805,1105
University Pl & E 14 St,40.734814,-73.992085,W 11 St & 6 Ave,40.73532427,-73.99800419,1105
Forsyth St\t& Grand St,40.71779817737835,-73.99316132068634,Forsyth St\t& Grand St,40.71779817737835,-73.99316132068634,1105
E 93 St & 2 Ave,40.782454175279874,-73.9489196240902,E 91 St & 2 Ave,40.78115276427916,-73.94963040947914,1104
Ave A & E 14 St,40.73031071000895,-73.98047178983688,E 2 St & Avenue B,40.72217444,-73.98368779,1103
Central Park W & W 91 St,40.78866499127884,-73.96680057048798,7 Ave & Central Park South,40.7667405590595,-73.9790689945221,1103
Central Park West & W 76 St,40.77896784,-73.97374737,Central Park West & W 72 St,40.77579376683666,-73.9762057363987,1102
8 Ave & W 33 St,40.751551,-73.993934,W 45 St & 8 Ave,40.75929124,-73.98859651,1102
W 22 St & 10 Ave,40.74691959,-74.00451887,8 Ave & W 31 St,40.7505853470215,-73.9946848154068,1102
E 6 St & Avenue D,40.72228087,-73.97668709,E 6 St & Avenue D,40.72228087,-73.97668709,1102
Columbia St & Degraw St,40.6859296,-74.00242364,Atlantic Ave & Furman St,40.69165183,-73.9999786,1102
E 23 St & 1 Ave,40.736502,-73.97809472,1 Ave & E 30 St,40.74144387,-73.97536082,1102
E 91 St & 2 Ave,40.78115276427916,-73.94963040947914,1 Ave & E 68 St,40.76500525,-73.95818491,1102
W 29 St & 9 Ave,40.7500727,-73.99839279,W 20 St & 10 Ave,40.745686,-74.005141,1102
W 25 St & 6 Ave,40.74395411,-73.99144871,Broadway & W 25 St,40.74286877312112,-73.98918628692627,1102
Congress St & Clinton St,40.68825516598005,-73.99545192718506,Clinton St & Joralemon St,40.69239502,-73.99337909,1101
Center Blvd & 51 Ave,40.74336608027021,-73.95960688591003,Jackson Ave & 46 Rd,40.74524768,-73.94733276,1100
Broadway & E 14 St,40.73454567,-73.99074142,Ave A & E 14 St,40.73031071000895,-73.98047178983688,1099
W 21 St & 6 Ave,40.74173969,-73.99415556,W 4 St & 7 Ave S,40.73401143,-74.00293877,1099
Broadway & W 25 St,40.74286877312112,-73.98918628692627,Broadway & E 21 St,40.73988840858996,-73.98958593606949,1098
W 42 St & 6 Ave,40.75492,-73.98455,W 51 St & 6 Ave,40.7606597,-73.98042047,1097
1 Ave & E 6 St,40.72633085971696,-73.98616880178452,1 Ave & E 6 St,40.72633085971696,-73.98616880178452,1096
W 41 St & 8 Ave,40.75640548,-73.9900262,Broadway & W 41 St,40.75513557,-73.98658032,1096
2 Ave & E 31 St,40.74290902,-73.97706058,E 20 St & 2 Ave,40.73587678,-73.98205027,1095
W 20 St & 7 Ave,40.74238787,-73.99726235,W 20 St & 7 Ave,40.74238787,-73.99726235,1094
Adam Clayton Powell Blvd & W 126 St,40.80949534777948,-73.94776493310928,Adam Clayton Powell Blvd & W 138 St,40.81695971032464,-73.9422959089279,1094
11 Ave & W 27 St,40.751396,-74.005226,W 26 St & 10 Ave,40.749717753,-74.002950346,1094
Grant Ave & E 169 St,40.83579,-73.913741,Grant Ave & E 169 St,40.83579,-73.913741,1093
1 Ave & E 16 St,40.73221853,-73.98165557,1 Ave & E 16 St,40.73221853,-73.98165557,1092
W 21 St & 6 Ave,40.74173969,-73.99415556,Perry St & Greenwich Ave,40.735918,-74.000939,1092
W 49 St & 8 Ave,40.76227205,-73.98788205,W 43 St & 10 Ave,40.76009437,-73.99461843,1091
W 22 St & 8 Ave,40.74475148,-73.99915362,Broadway & E 21 St,40.73988840858996,-73.98958593606949,1091
Frederick Douglass Blvd & W 117 St,40.805159,-73.954692,St Nicholas Ave & Manhattan Ave,40.809725,-73.953149,1091
E 13 St & Avenue A,40.72966729392978,-73.98067966103554,E 13 St & 2 Ave,40.73153937464073,-73.9853024482727,1091
W 22 St & 8 Ave,40.74475148,-73.99915362,10 Ave & W 28 St,40.75066386,-74.00176802,1091
8 Ave & W 16 St,40.740983,-74.001702,9 Ave & W 22 St,40.7454973,-74.00197139,1090
E 33 St & 5 Ave,40.74765947,-73.98490707,E 33 St & 1 Ave,40.74322681432173,-73.97449783980846,1090
Central Park West & W 68 St,40.7734066,-73.97782542,Central Park West & W 76 St,40.77896784,-73.97374737,1090
6 Ave & W 33 St,40.74901271,-73.98848395,8 Ave & W 38 St,40.75461,-73.99177,1090
W 24 St & 7 Ave,40.74487634,-73.99529885,9 Ave & W 22 St,40.7454973,-74.00197139,1090
10 Ave & W 14 St,40.74198159994023,-74.00831580162048,W 30 St & 10 Ave,40.752694,-74.002353,1090
E 31 St & 3 Ave,40.74394314,-73.97966069,E 31 St & 3 Ave,40.74394314,-73.97966069,1089
Center Blvd & 51 Ave,40.74336608027021,-73.95960688591003,44 Dr & Jackson Ave,40.74718234,-73.9432635,1089
N 6 St & Bedford Ave,40.71745169,-73.95850939,Kent Ave & N 7 St,40.72036775298455,-73.96165072917938,1089
Lenox Ave & W 117 St,40.8025566,-73.9490782,Frederick Douglass Blvd & W 117 St,40.805159,-73.954692,1086
Central Park S & 6 Ave,40.76590936,-73.97634151,Central Park West & W 85 St,40.78476,-73.969862,1085
1 Ave & E 62 St,40.7612274,-73.96094022,E 84 St & 1 Ave,40.77565541,-73.95068615,1085
8 Ave & W 33 St,40.751551,-73.993934,8 Ave & W 49 St,40.76171227910671,-73.98655101656914,1084
Myrtle Ave & St Edwards St,40.69327018,-73.97703874,Willoughby St & Fleet St,40.69196566,-73.9813018,1084
University Pl & E 14 St,40.734814,-73.992085,W 21 St & 6 Ave,40.74173969,-73.99415556,1083
W 26 St & 8 Ave,40.74734825,-73.99723551,Broadway & W 25 St,40.74286877312112,-73.98918628692627,1082
Centre St & Chambers St,40.71273266,-74.0046073,Jay St & Tech Pl,40.695065,-73.987167,1082
W 27 St & 7 Ave,40.746647,-73.993915,W 26 St & 10 Ave,40.749717753,-74.002950346,1082
Morgan Ave & Lombardy St,40.72226,-73.93889,Graham Ave & Conselyea St,40.715143,-73.944507,1081
10 Ave & W 14 St,40.74198159994023,-74.00831580162048,Little West St & 1 Pl,40.70569254,-74.01677685,1080
Kent Ave & N 7 St,40.72036775298455,-73.96165072917938,India St & Manhattan Ave,40.73232194,-73.9550858,1080
8 Ave & W 49 St,40.76171227910671,-73.98655101656914,W 53 St & 10 Ave,40.76669671,-73.99061728,1079
Broadway & E 21 St,40.73988840858996,-73.98958593606949,E 22 St & 2 Ave,40.73716919369882,-73.98122549057007,1078
W 64 St & Thelonious Monk Circle,40.77515953434235,-73.98918695747852,Amsterdam Ave & W 66 St,40.7746671,-73.98470567,1078
St Nicholas Ave & Manhattan Ave,40.809725,-73.953149,Frederick Douglass Blvd & W 112 St,40.801694,-73.957145,1077
Central Park W & W 97 St,40.79249519495111,-73.96417066463071,Central Park W & W 91 St,40.78866499127884,-73.96680057048798,1076
Broadway & Battery Pl,40.70463334,-74.01361706,West St & Liberty St,40.711444,-74.014847,1076
5 Ave & E 78 St,40.77632142182271,-73.96427392959595,5 Ave & E 63 St,40.766368,-73.971518,1076
Bank St & Washington St,40.7361967,-74.00859207,West St & Chambers St,40.71754834,-74.01322069,1075
Broadway & W 25 St,40.74286877312112,-73.98918628692627,University Pl & E 14 St,40.734814,-73.992085,1074
Garfield Pl & 8 Ave,40.6711978,-73.97484126,7 Ave & Park Pl,40.6776147,-73.97324283,1074
E 11 St & Avenue B,40.72746420692392,-73.97950418293476,E 11 St & 3 Ave,40.73127,-73.98849,1073
Macon St & Nostrand Ave,40.6809833854,-73.9500479759,Monroe St & Tompkins Ave,40.686203,-73.944694,1073
Clinton St & Tillary St,40.69623297129316,-73.99142056703568,Clark St & Henry St,40.69760127,-73.99344559,1073
Central Park North & Adam Clayton Powell Blvd,40.799484,-73.955613,Central Park W & W 97 St,40.79249519495111,-73.96417066463071,1072
Central Park West & W 72 St,40.77579376683666,-73.9762057363987,Columbus Ave & W 72 St,40.7770575,-73.97898475,1072
1 Ave & E 39 St,40.74714,-73.97113,1 Ave & E 39 St,40.74714,-73.97113,1072
W 15 St & 7 Ave,40.73935542,-73.99931783,W 16 St & The High Line,40.74334935,-74.00681753,1072
Amsterdam Ave & W 73 St,40.77966809007312,-73.98093044757842,W 84 St & Columbus Ave,40.78499979,-73.97283406,1072
E 72 St & York Ave,40.76663814,-73.95348296,E 72 St & York Ave,40.76663814,-73.95348296,1071
E 16 St & Irving Pl,40.735367055605394,-73.98797392845154,1 Ave & E 18 St,40.73381219196632,-73.98054420948029,1070
9 Ave & W 18 St,40.74317449,-74.00366443,W 21 St & 6 Ave,40.74173969,-73.99415556,1070
W 41 St & 8 Ave,40.75640548,-73.9900262,W 41 St & 8 Ave,40.75640548,-73.9900262,1070
E 6 St & Avenue B,40.72453734,-73.98185424,Ave A & E 14 St,40.73031071000895,-73.98047178983688,1069
44 Dr & Jackson Ave,40.74718234,-73.9432635,44 Dr & Jackson Ave,40.74718234,-73.9432635,1069
E 13 St & 2 Ave,40.73153937464073,-73.9853024482727,W 13 St & 5 Ave,40.735445,-73.99431,1069
E 20 St & 2 Ave,40.73587678,-73.98205027,E 13 St & 2 Ave,40.73153937464073,-73.9853024482727,1069
Leonard St & Maujer St,40.7103685423523,-73.94705951213837,Devoe St & Lorimer St,40.71335226222875,-73.9491033554077,1068
2 Ave & E 96 St,40.7839636,-73.9471673,Wards Meadow Comfort Station,40.78294,-73.93077,1068
Little West St & 1 Pl,40.70569254,-74.01677685,10 Ave & W 14 St,40.74198159994023,-74.00831580162048,1068
1 Ave & E 68 St,40.76500525,-73.95818491,2 Ave & E 72 St,40.7687620293096,-73.95840793848038,1065
W 15 St & 6 Ave,40.738046142482766,-73.99642959237099,W 25 St & 6 Ave,40.74395411,-73.99144871,1065
5 Ave & E 63 St,40.766368,-73.971518,5 Ave & E 72 St,40.77282817,-73.96685276,1065
8 Ave & W 16 St,40.740983,-74.001702,8 Ave & W 38 St,40.75461,-73.99177,1064
W 21 St & 6 Ave,40.74173969,-73.99415556,8 Ave & W 27 St,40.747968,-73.996637,1064
Broadway & W 51 St,40.76228826,-73.98336183,Broadway & W 51 St,40.76228826,-73.98336183,1064
West End Ave & W 60 St,40.77237,-73.99005,W 64 St & Thelonious Monk Circle,40.77515953434235,-73.98918695747852,1064
Forsyth St\t& Grand St,40.71779817737835,-73.99316132068634,Grand St & Samuel Dickstein Plaza,40.71511871996496,-73.98417055606842,1064
